"","masterid","Threshold","Index","Result","n"
"1","314CE0200","NATHigh","csci","UHMF",6
"2","314CE0200","NATHigh","csci","UHLF",3
"3","314CE0200","NATLow","csci","UHUF",5
"4","314CE0200","NATLow","csci","UHMF",4
"5","314CE0200","NATMed","csci","UHUF",4
"6","314CE0200","NATMed","csci","UHMF",2
"7","314CE0200","NATMed","csci","UHLF",3
"8","314SCCNSY","NATHigh","csci","UHMF",9
"9","314SCCNSY","NATLow","csci","HUF",8
"10","314SCCNSY","NATLow","csci","HMF",1
"11","314SCCNSY","NATMed","csci","UHUF",9
"12","314WE0542","NATHigh","csci","UHMF",7
"13","314WE0542","NATLow","csci","HUF",6
"14","314WE0542","NATLow","csci","HMF",1
"15","314WE0542","NATMed","csci","HUF",7
"16","314WE0677","NATHigh","csci","HMF",7
"17","314WE0677","NATLow","csci","HUF",6
"18","314WE0677","NATLow","csci","HMF",1
"19","314WE0677","NATMed","csci","HUF",7
"20","314WE0779","NATHigh","csci","HMF",6
"21","314WE0779","NATLow","csci","HUF",5
"22","314WE0779","NATLow","csci","HMF",1
"23","314WE0779","NATMed","csci","HUF",5
"24","314WE0779","NATMed","csci","HMF",1
"25","402BA0079","NAT","asci","UHUF",1
"26","402BA0079","NAT","asci","UHMF",8
"27","402BA0079","NAT","csci","HUF",9
"28","402BA0079","NATHigh","asci","UHUF",1
"29","402BA0079","NATHigh","asci","UHMF",8
"30","402BA0079","NATHigh","csci","UHMF",9
"31","402BA0079","NATLow","asci","UHUF",4
"32","402BA0079","NATLow","asci","UHMF",5
"33","402BA0079","NATLow","csci","HUF",8
"34","402BA0079","NATLow","csci","HMF",1
"35","402BA0079","NATMed","asci","UHUF",1
"36","402BA0079","NATMed","asci","UHMF",8
"37","402BA0079","NATMed","csci","HUF",9
"38","402BA0095","NAT","asci","HUF",1
"39","402BA0095","NAT","asci","HMF",6
"40","402BA0095","NAT","csci","HUF",7
"41","402BA0095","NATHigh","asci","HUF",1
"42","402BA0095","NATHigh","asci","HMF",6
"43","402BA0095","NATHigh","csci","HMF",7
"44","402BA0095","NATLow","asci","HUF",3
"45","402BA0095","NATLow","asci","HMF",4
"46","402BA0095","NATLow","csci","HUF",6
"47","402BA0095","NATLow","csci","HMF",1
"48","402BA0095","NATMed","asci","HUF",1
"49","402BA0095","NATMed","asci","HMF",6
"50","402BA0095","NATMed","csci","HUF",7
"51","402BA0143","NAT","asci","UHUF",1
"52","402BA0143","NAT","asci","UHMF",8
"53","402BA0143","NAT","csci","HUF",7
"54","402BA0143","NAT","csci","HMF",2
"55","402BA0143","NATHigh","asci","UHUF",1
"56","402BA0143","NATHigh","asci","UHMF",8
"57","402BA0143","NATHigh","csci","UHMF",9
"58","402BA0143","NATLow","asci","HUF",3
"59","402BA0143","NATLow","asci","HMF",6
"60","402BA0143","NATLow","csci","HUF",8
"61","402BA0143","NATLow","csci","HMF",1
"62","402BA0143","NATMed","asci","UHUF",1
"63","402BA0143","NATMed","asci","UHMF",8
"64","402BA0143","NATMed","csci","HUF",7
"65","402BA0143","NATMed","csci","HMF",2
"66","402BA0287","NAT","asci","HMF",5
"67","402BA0287","NAT","csci","HUF",1
"68","402BA0287","NAT","csci","HMF",4
"69","402BA0287","NATHigh","asci","HMF",5
"70","402BA0287","NATHigh","csci","HMF",4
"71","402BA0287","NATHigh","csci","HLF",1
"72","402BA0287","NATLow","asci","HUF",1
"73","402BA0287","NATLow","asci","HMF",4
"74","402BA0287","NATLow","csci","HUF",4
"75","402BA0287","NATLow","csci","HMF",1
"76","402BA0287","NATMed","asci","HMF",5
"77","402BA0287","NATMed","csci","HUF",1
"78","402BA0287","NATMed","csci","HMF",4
"79","402WE0536","NAT","csci","HUF",7
"80","402WE0536","NATHigh","csci","HMF",7
"81","402WE0536","NATLow","csci","HUF",6
"82","402WE0536","NATLow","csci","HMF",1
"83","402WE0536","NATMed","csci","HUF",7
"84","402WE0803","NAT","csci","HUF",6
"85","402WE0803","NATHigh","csci","HMF",6
"86","402WE0803","NATLow","csci","HUF",5
"87","402WE0803","NATLow","csci","HMF",1
"88","402WE0803","NATMed","csci","HUF",6
"89","403BA0068","HB","asci","UHUF",1
"90","403BA0068","HB","asci","UHMF",5
"91","403BA0068","HB","csci","UHUF",6
"92","403BA0068","NATHigh","asci","UHUF",1
"93","403BA0068","NATHigh","asci","UHMF",5
"94","403BA0068","NATHigh","csci","UHMF",6
"95","403BA0068","NATLow","asci","UHUF",1
"96","403BA0068","NATLow","asci","UHMF",5
"97","403BA0068","NATLow","csci","HUF",5
"98","403BA0068","NATLow","csci","HMF",1
"99","403BA0068","NATMed","asci","UHUF",1
"100","403BA0068","NATMed","asci","UHMF",5
"101","403BA0068","NATMed","csci","UHUF",6
"102","403BA0171","NAT","asci","HMF",5
"103","403BA0171","NAT","csci","HMF",5
"104","403BA0171","NATHigh","asci","UHMF",5
"105","403BA0171","NATHigh","csci","HMF",4
"106","403BA0171","NATHigh","csci","HLF",1
"107","403BA0171","NATLow","asci","HUF",1
"108","403BA0171","NATLow","asci","HMF",4
"109","403BA0171","NATLow","csci","HUF",3
"110","403BA0171","NATLow","csci","HMF",2
"111","403BA0171","NATMed","asci","HMF",5
"112","403BA0171","NATMed","csci","HMF",5
"113","403PRCSFD","NATHigh","csci","UHMF",9
"114","403PRCSFD","NATLow","csci","HUF",8
"115","403PRCSFD","NATLow","csci","HMF",1
"116","403PRCSFD","NATMed","csci","UHUF",6
"117","403PRCSFD","NATMed","csci","UHMF",3
"118","403S01195","NAT","asci","HUF",1
"119","403S01195","NAT","asci","HMF",6
"120","403S01195","NAT","csci","HUF",7
"121","403S01195","NATHigh","asci","UHUF",1
"122","403S01195","NATHigh","asci","UHMF",6
"123","403S01195","NATHigh","csci","UHMF",7
"124","403S01195","NATLow","asci","HUF",2
"125","403S01195","NATLow","asci","HMF",5
"126","403S01195","NATLow","csci","HUF",6
"127","403S01195","NATLow","csci","HMF",1
"128","403S01195","NATMed","asci","HUF",1
"129","403S01195","NATMed","asci","HMF",6
"130","403S01195","NATMed","csci","HUF",7
"131","403S01272","NATHigh","asci","UHUF",1
"132","403S01272","NATHigh","asci","UHMF",4
"133","403S01272","NATHigh","asci","UHLF",4
"134","403S01272","NATHigh","csci","UHMF",8
"135","403S01272","NATHigh","csci","UHLF",1
"136","403S01272","NATLow","asci","HUF",2
"137","403S01272","NATLow","asci","HMF",7
"138","403S01272","NATLow","csci","HUF",7
"139","403S01272","NATLow","csci","HMF",2
"140","403S01272","NATMed","asci","UHUF",1
"141","403S01272","NATMed","asci","UHMF",8
"142","403S01272","NATMed","csci","HUF",4
"143","403S01272","NATMed","csci","HMF",4
"144","403S01272","NATMed","csci","HLF",1
"145","403S01784","NATHigh","asci","UHUF",1
"146","403S01784","NATHigh","asci","UHMF",4
"147","403S01784","NATHigh","asci","UHLF",4
"148","403S01784","NATHigh","csci","UHMF",7
"149","403S01784","NATHigh","csci","UHLF",2
"150","403S01784","NATLow","asci","HUF",3
"151","403S01784","NATLow","asci","HMF",6
"152","403S01784","NATLow","csci","HUF",5
"153","403S01784","NATLow","csci","HMF",4
"154","403S01784","NATMed","asci","UHUF",1
"155","403S01784","NATMed","asci","UHMF",8
"156","403S01784","NATMed","csci","UHUF",3
"157","403S01784","NATMed","csci","UHMF",5
"158","403S01784","NATMed","csci","UHLF",1
"159","403S02764","NATHigh","asci","UHUF",1
"160","403S02764","NATHigh","asci","UHMF",8
"161","403S02764","NATHigh","csci","UHMF",9
"162","403S02764","NATLow","asci","UHUF",3
"163","403S02764","NATLow","asci","UHMF",6
"164","403S02764","NATLow","csci","HUF",8
"165","403S02764","NATLow","csci","HMF",1
"166","403S02764","NATMed","asci","UHUF",1
"167","403S02764","NATMed","asci","UHMF",8
"168","403S02764","NATMed","csci","HUF",6
"169","403S02764","NATMed","csci","HMF",3
"170","403S05291","NAT","asci","HUF",1
"171","403S05291","NAT","asci","HMF",6
"172","403S05291","NAT","csci","HUF",7
"173","403S05291","NATHigh","asci","HUF",1
"174","403S05291","NATHigh","asci","HMF",6
"175","403S05291","NATHigh","csci","HMF",7
"176","403S05291","NATLow","asci","HUF",2
"177","403S05291","NATLow","asci","HMF",5
"178","403S05291","NATLow","csci","HUF",6
"179","403S05291","NATLow","csci","HMF",1
"180","403S05291","NATMed","asci","HUF",1
"181","403S05291","NATMed","asci","HMF",6
"182","403S05291","NATMed","csci","HUF",7
"183","403S06139","NAT","asci","HUF",1
"184","403S06139","NAT","asci","HMF",6
"185","403S06139","NAT","csci","UHUF",7
"186","403S06139","NATHigh","asci","UHUF",1
"187","403S06139","NATHigh","asci","UHMF",6
"188","403S06139","NATHigh","csci","UHMF",7
"189","403S06139","NATLow","asci","HUF",2
"190","403S06139","NATLow","asci","HMF",5
"191","403S06139","NATLow","csci","UHUF",6
"192","403S06139","NATLow","csci","UHMF",1
"193","403S06139","NATMed","asci","HUF",1
"194","403S06139","NATMed","asci","HMF",6
"195","403S06139","NATMed","csci","UHUF",7
"196","403S06315","NAT","asci","HUF",1
"197","403S06315","NAT","asci","HMF",7
"198","403S06315","NAT","csci","HUF",8
"199","403S06315","NATHigh","asci","HUF",1
"200","403S06315","NATHigh","asci","HMF",7
"201","403S06315","NATHigh","csci","HMF",8
"202","403S06315","NATLow","asci","HUF",2
"203","403S06315","NATLow","asci","HMF",6
"204","403S06315","NATLow","csci","HUF",7
"205","403S06315","NATLow","csci","HMF",1
"206","403S06315","NATMed","asci","HUF",1
"207","403S06315","NATMed","asci","HMF",7
"208","403S06315","NATMed","csci","HUF",8
"209","403S07024","NATHigh","asci","UHUF",1
"210","403S07024","NATHigh","asci","UHMF",8
"211","403S07024","NATHigh","csci","UHMF",9
"212","403S07024","NATLow","asci","HUF",3
"213","403S07024","NATLow","asci","HMF",6
"214","403S07024","NATLow","csci","UHUF",8
"215","403S07024","NATLow","csci","UHMF",1
"216","403S07024","NATMed","asci","UHUF",1
"217","403S07024","NATMed","asci","UHMF",8
"218","403S07024","NATMed","csci","UHUF",7
"219","403S07024","NATMed","csci","UHMF",2
"220","403S14156","NATHigh","asci","UHUF",1
"221","403S14156","NATHigh","asci","UHMF",8
"222","403S14156","NATHigh","csci","UHMF",9
"223","403S14156","NATLow","asci","UHUF",2
"224","403S14156","NATLow","asci","UHMF",7
"225","403S14156","NATLow","csci","UHUF",8
"226","403S14156","NATLow","csci","UHMF",1
"227","403S14156","NATMed","asci","UHUF",1
"228","403S14156","NATMed","asci","UHMF",8
"229","403S14156","NATMed","csci","UHUF",5
"230","403S14156","NATMed","csci","UHMF",4
"231","403SPCNWS","NAT","csci","HUF",7
"232","403SPCNWS","NATHigh","csci","HMF",7
"233","403SPCNWS","NATLow","csci","HUF",6
"234","403SPCNWS","NATLow","csci","HMF",1
"235","403SPCNWS","NATMed","csci","HUF",7
"236","403STC009","NAT","csci","HUF",6
"237","403STC009","NAT","csci","HMF",2
"238","403STC009","NATHigh","csci","HMF",8
"239","403STC009","NATLow","csci","HUF",7
"240","403STC009","NATLow","csci","HMF",1
"241","403STC009","NATMed","csci","HUF",6
"242","403STC009","NATMed","csci","HMF",2
"243","403STC019","NATHigh","csci","UHMF",9
"244","403STC019","NATLow","csci","UHUF",8
"245","403STC019","NATLow","csci","UHMF",1
"246","403STC019","NATMed","csci","UHUF",5
"247","403STC019","NATMed","csci","UHMF",4
"248","403STC070","NAT","csci","HUF",7
"249","403STC070","NATHigh","csci","HMF",7
"250","403STC070","NATLow","csci","HUF",6
"251","403STC070","NATLow","csci","HMF",1
"252","403STC070","NATMed","csci","HUF",7
"253","403WE0501","NAT","asci","HUF",1
"254","403WE0501","NAT","asci","HMF",6
"255","403WE0501","NAT","csci","HUF",7
"256","403WE0501","NATHigh","asci","HUF",1
"257","403WE0501","NATHigh","asci","HMF",6
"258","403WE0501","NATHigh","csci","UHMF",7
"259","403WE0501","NATLow","asci","HUF",3
"260","403WE0501","NATLow","asci","HMF",4
"261","403WE0501","NATLow","csci","HUF",6
"262","403WE0501","NATLow","csci","HMF",1
"263","403WE0501","NATMed","asci","HUF",1
"264","403WE0501","NATMed","asci","HMF",6
"265","403WE0501","NATMed","csci","HUF",7
"266","403WE0534","NAT","asci","UHUF",1
"267","403WE0534","NAT","asci","UHMF",8
"268","403WE0534","NAT","csci","HUF",7
"269","403WE0534","NAT","csci","HMF",2
"270","403WE0534","NATHigh","asci","UHUF",1
"271","403WE0534","NATHigh","asci","UHMF",8
"272","403WE0534","NATHigh","csci","UHMF",9
"273","403WE0534","NATLow","asci","HUF",3
"274","403WE0534","NATLow","asci","HMF",6
"275","403WE0534","NATLow","csci","HUF",8
"276","403WE0534","NATLow","csci","HMF",1
"277","403WE0534","NATMed","asci","UHUF",1
"278","403WE0534","NATMed","asci","UHMF",8
"279","403WE0534","NATMed","csci","HUF",7
"280","403WE0534","NATMed","csci","HMF",2
"281","403WE0540","NAT","asci","HUF",1
"282","403WE0540","NAT","asci","HMF",6
"283","403WE0540","NAT","csci","HUF",7
"284","403WE0540","NATHigh","asci","HUF",1
"285","403WE0540","NATHigh","asci","HMF",6
"286","403WE0540","NATHigh","csci","UHMF",7
"287","403WE0540","NATLow","asci","HUF",2
"288","403WE0540","NATLow","asci","HMF",5
"289","403WE0540","NATLow","csci","HUF",6
"290","403WE0540","NATLow","csci","HMF",1
"291","403WE0540","NATMed","asci","HUF",1
"292","403WE0540","NATMed","asci","HMF",6
"293","403WE0540","NATMed","csci","HUF",7
"294","403WE0560","NAT","asci","UHUF",1
"295","403WE0560","NAT","asci","UHMF",7
"296","403WE0560","NAT","csci","UHUF",8
"297","403WE0560","NATHigh","asci","UHUF",1
"298","403WE0560","NATHigh","asci","UHMF",7
"299","403WE0560","NATHigh","csci","UHMF",8
"300","403WE0560","NATLow","asci","HUF",2
"301","403WE0560","NATLow","asci","HMF",6
"302","403WE0560","NATLow","csci","HUF",7
"303","403WE0560","NATLow","csci","HMF",1
"304","403WE0560","NATMed","asci","UHUF",1
"305","403WE0560","NATMed","asci","UHMF",7
"306","403WE0560","NATMed","csci","UHUF",8
"307","403WE0795","NAT","csci","HUF",7
"308","403WE0795","NATHigh","csci","HMF",7
"309","403WE0795","NATLow","csci","HUF",6
"310","403WE0795","NATLow","csci","HMF",1
"311","403WE0795","NATMed","csci","HUF",7
"312","403WE0891","NAT","csci","HUF",7
"313","403WE0891","NATHigh","csci","HMF",7
"314","403WE0891","NATLow","csci","HUF",6
"315","403WE0891","NATLow","csci","HMF",1
"316","403WE0891","NATMed","csci","HUF",7
"317","404BA0526","NATHigh","asci","HUF",1
"318","404BA0526","NATHigh","asci","HMF",7
"319","404BA0526","NATHigh","csci","HMF",8
"320","404BA0526","NATLow","asci","HUF",2
"321","404BA0526","NATLow","asci","HMF",6
"322","404BA0526","NATLow","csci","HUF",7
"323","404BA0526","NATLow","csci","HMF",1
"324","404BA0526","NATMed","asci","HUF",1
"325","404BA0526","NATMed","asci","HMF",7
"326","404BA0526","NATMed","csci","HUF",7
"327","404BA0526","NATMed","csci","HMF",1
"328","404BA1144","NATHigh","asci","UHUF",1
"329","404BA1144","NATHigh","asci","UHMF",4
"330","404BA1144","NATHigh","csci","HMF",5
"331","404BA1144","NATLow","asci","HUF",1
"332","404BA1144","NATLow","asci","HMF",4
"333","404BA1144","NATLow","csci","HUF",4
"334","404BA1144","NATLow","csci","HMF",1
"335","404BA1144","NATMed","asci","UHUF",1
"336","404BA1144","NATMed","asci","UHMF",4
"337","404BA1144","NATMed","csci","HUF",3
"338","404BA1144","NATMed","csci","HMF",2
"339","404CE0316","NATHigh","csci","UHMF",6
"340","404CE0316","NATHigh","csci","UHLF",2
"341","404CE0316","NATLow","csci","UHUF",5
"342","404CE0316","NATLow","csci","UHMF",2
"343","404CE0316","NATLow","csci","UHLF",1
"344","404CE0316","NATMed","csci","UHUF",4
"345","404CE0316","NATMed","csci","UHMF",2
"346","404CE0316","NATMed","csci","UHLF",2
"347","404S01128","NATHigh","asci","UHUF",1
"348","404S01128","NATHigh","asci","UHMF",7
"349","404S01128","NATHigh","csci","UHMF",8
"350","404S01128","NATLow","asci","UHUF",1
"351","404S01128","NATLow","asci","UHMF",7
"352","404S01128","NATLow","csci","HUF",7
"353","404S01128","NATLow","csci","HMF",1
"354","404S01128","NATMed","asci","UHUF",1
"355","404S01128","NATMed","asci","UHMF",7
"356","404S01128","NATMed","csci","UHUF",7
"357","404S01128","NATMed","csci","UHMF",1
"358","404S02920","NATHigh","asci","UHUF",1
"359","404S02920","NATHigh","asci","UHMF",5
"360","404S02920","NATHigh","csci","UHMF",6
"361","404S02920","NATLow","asci","UHUF",1
"362","404S02920","NATLow","asci","UHMF",5
"363","404S02920","NATLow","csci","HUF",5
"364","404S02920","NATLow","csci","HMF",1
"365","404S02920","NATMed","asci","UHUF",1
"366","404S02920","NATMed","asci","UHMF",5
"367","404S02920","NATMed","csci","UHUF",4
"368","404S02920","NATMed","csci","UHMF",2
"369","404S11880","NATHigh","asci","UHUF",1
"370","404S11880","NATHigh","asci","UHMF",7
"371","404S11880","NATHigh","csci","UHMF",8
"372","404S11880","NATLow","asci","UHUF",2
"373","404S11880","NATLow","asci","UHMF",6
"374","404S11880","NATLow","csci","HUF",7
"375","404S11880","NATLow","csci","HMF",1
"376","404S11880","NATMed","asci","UHUF",1
"377","404S11880","NATMed","asci","UHMF",7
"378","404S11880","NATMed","csci","UHUF",6
"379","404S11880","NATMed","csci","UHMF",2
"380","404S13416","NATHigh","asci","UHUF",1
"381","404S13416","NATHigh","asci","UHMF",7
"382","404S13416","NATHigh","csci","UHMF",8
"383","404S13416","NATLow","asci","UHUF",1
"384","404S13416","NATLow","asci","UHMF",7
"385","404S13416","NATLow","csci","HUF",7
"386","404S13416","NATLow","csci","HMF",1
"387","404S13416","NATMed","asci","UHUF",1
"388","404S13416","NATMed","asci","UHMF",7
"389","404S13416","NATMed","csci","UHUF",7
"390","404S13416","NATMed","csci","UHMF",1
"391","404S14952","NATHigh","asci","UHUF",1
"392","404S14952","NATHigh","asci","UHMF",7
"393","404S14952","NATHigh","csci","UHMF",8
"394","404S14952","NATLow","asci","UHUF",2
"395","404S14952","NATLow","asci","UHMF",6
"396","404S14952","NATLow","csci","UHUF",7
"397","404S14952","NATLow","csci","UHMF",1
"398","404S14952","NATMed","asci","UHUF",1
"399","404S14952","NATMed","asci","UHMF",7
"400","404S14952","NATMed","csci","UHUF",6
"401","404S14952","NATMed","csci","UHMF",2
"402","404S16232","NATHigh","asci","UHUF",1
"403","404S16232","NATHigh","asci","UHMF",7
"404","404S16232","NATHigh","csci","UHMF",8
"405","404S16232","NATLow","asci","UHMF",8
"406","404S16232","NATLow","csci","UHUF",7
"407","404S16232","NATLow","csci","UHMF",1
"408","404S16232","NATMed","asci","UHUF",1
"409","404S16232","NATMed","asci","UHMF",7
"410","404S16232","NATMed","csci","UHUF",6
"411","404S16232","NATMed","csci","UHMF",2
"412","404S16516","NATHigh","asci","UHUF",1
"413","404S16516","NATHigh","asci","UHMF",7
"414","404S16516","NATHigh","csci","UHMF",8
"415","404S16516","NATLow","asci","UHMF",8
"416","404S16516","NATLow","csci","UHUF",7
"417","404S16516","NATLow","csci","UHMF",1
"418","404S16516","NATMed","asci","UHUF",1
"419","404S16516","NATMed","asci","UHMF",7
"420","404S16516","NATMed","csci","UHUF",6
"421","404S16516","NATMed","csci","UHMF",2
"422","404S17266","NATHigh","asci","UHUF",1
"423","404S17266","NATHigh","asci","UHMF",7
"424","404S17266","NATHigh","csci","UHMF",8
"425","404S17266","NATLow","asci","UHUF",2
"426","404S17266","NATLow","asci","UHMF",6
"427","404S17266","NATLow","csci","HUF",7
"428","404S17266","NATLow","csci","HMF",1
"429","404S17266","NATMed","asci","UHUF",1
"430","404S17266","NATMed","asci","UHMF",7
"431","404S17266","NATMed","csci","UHUF",6
"432","404S17266","NATMed","csci","UHMF",2
"433","404S17664","HB","asci","UHUF",1
"434","404S17664","HB","asci","UHMF",7
"435","404S17664","HB","csci","UHUF",8
"436","404S17664","NATHigh","asci","UHUF",1
"437","404S17664","NATHigh","asci","UHMF",7
"438","404S17664","NATHigh","csci","UHMF",8
"439","404S17664","NATLow","asci","HUF",2
"440","404S17664","NATLow","asci","HMF",6
"441","404S17664","NATLow","csci","UHUF",7
"442","404S17664","NATLow","csci","UHMF",1
"443","404S17664","NATMed","asci","UHUF",1
"444","404S17664","NATMed","asci","UHMF",7
"445","404S17664","NATMed","csci","UHUF",6
"446","404S17664","NATMed","csci","UHMF",2
"447","404S22464","NATHigh","asci","UHUF",1
"448","404S22464","NATHigh","asci","UHMF",7
"449","404S22464","NATHigh","csci","UHMF",8
"450","404S22464","NATLow","asci","UHUF",2
"451","404S22464","NATLow","asci","UHMF",6
"452","404S22464","NATLow","csci","UHUF",7
"453","404S22464","NATLow","csci","UHMF",1
"454","404S22464","NATMed","asci","UHUF",1
"455","404S22464","NATMed","asci","UHMF",7
"456","404S22464","NATMed","csci","UHUF",6
"457","404S22464","NATMed","csci","UHMF",2
"458","404S25668","NATHigh","asci","UHUF",1
"459","404S25668","NATHigh","asci","UHMF",7
"460","404S25668","NATHigh","csci","UHMF",8
"461","404S25668","NATLow","asci","UHUF",2
"462","404S25668","NATLow","asci","UHMF",6
"463","404S25668","NATLow","csci","UHUF",7
"464","404S25668","NATLow","csci","UHMF",1
"465","404S25668","NATMed","asci","UHUF",1
"466","404S25668","NATMed","asci","UHMF",7
"467","404S25668","NATMed","csci","UHUF",6
"468","404S25668","NATMed","csci","UHMF",2
"469","404S26868","NATHigh","asci","UHUF",1
"470","404S26868","NATHigh","asci","UHMF",7
"471","404S26868","NATHigh","csci","UHMF",8
"472","404S26868","NATLow","asci","UHUF",1
"473","404S26868","NATLow","asci","UHMF",7
"474","404S26868","NATLow","csci","HUF",7
"475","404S26868","NATLow","csci","HMF",1
"476","404S26868","NATMed","asci","UHUF",1
"477","404S26868","NATMed","asci","UHMF",7
"478","404S26868","NATMed","csci","UHUF",7
"479","404S26868","NATMed","csci","UHMF",1
"480","404S28068","NATHigh","asci","UHUF",1
"481","404S28068","NATHigh","asci","UHMF",7
"482","404S28068","NATHigh","csci","UHMF",8
"483","404S28068","NATLow","asci","UHUF",2
"484","404S28068","NATLow","asci","UHMF",6
"485","404S28068","NATLow","csci","UHUF",7
"486","404S28068","NATLow","csci","UHMF",1
"487","404S28068","NATMed","asci","UHUF",1
"488","404S28068","NATMed","asci","UHMF",7
"489","404S28068","NATMed","csci","UHUF",6
"490","404S28068","NATMed","csci","UHMF",2
"491","404S28270","NATHigh","asci","UHUF",1
"492","404S28270","NATHigh","asci","UHMF",7
"493","404S28270","NATHigh","csci","UHMF",8
"494","404S28270","NATLow","asci","UHUF",1
"495","404S28270","NATLow","asci","UHMF",7
"496","404S28270","NATLow","csci","UHUF",7
"497","404S28270","NATLow","csci","UHMF",1
"498","404S28270","NATMed","asci","UHUF",1
"499","404S28270","NATMed","asci","UHMF",7
"500","404S28270","NATMed","csci","UHUF",5
"501","404S28270","NATMed","csci","UHMF",3
"502","404S32468","NATHigh","asci","HUF",1
"503","404S32468","NATHigh","asci","HMF",8
"504","404S32468","NATHigh","csci","UHMF",9
"505","404S32468","NATLow","asci","HUF",1
"506","404S32468","NATLow","asci","HMF",8
"507","404S32468","NATLow","csci","HUF",8
"508","404S32468","NATLow","csci","HMF",1
"509","404S32468","NATMed","asci","HUF",1
"510","404S32468","NATMed","asci","HMF",8
"511","404S32468","NATMed","csci","UHUF",7
"512","404S32468","NATMed","csci","UHMF",2
"513","404S35270","NATHigh","asci","UHUF",1
"514","404S35270","NATHigh","asci","UHMF",7
"515","404S35270","NATHigh","csci","UHMF",8
"516","404S35270","NATLow","asci","UHUF",2
"517","404S35270","NATLow","asci","UHMF",6
"518","404S35270","NATLow","csci","HUF",7
"519","404S35270","NATLow","csci","HMF",1
"520","404S35270","NATMed","asci","UHUF",1
"521","404S35270","NATMed","asci","UHMF",7
"522","404S35270","NATMed","csci","UHUF",6
"523","404S35270","NATMed","csci","UHMF",2
"524","405PS0030","NAT","asci","UHUF",1
"525","405PS0030","NAT","asci","UHMF",8
"526","405PS0030","NAT","csci","UHUF",8
"527","405PS0030","NAT","csci","UHMF",1
"528","405PS0030","NATHigh","asci","UHUF",1
"529","405PS0030","NATHigh","asci","UHMF",8
"530","405PS0030","NATHigh","csci","UHMF",9
"531","405PS0030","NATLow","asci","UHUF",3
"532","405PS0030","NATLow","asci","UHMF",6
"533","405PS0030","NATLow","csci","HUF",8
"534","405PS0030","NATLow","csci","HMF",1
"535","405PS0030","NATMed","asci","UHUF",1
"536","405PS0030","NATMed","asci","UHMF",8
"537","405PS0030","NATMed","csci","UHUF",8
"538","405PS0030","NATMed","csci","UHMF",1
"539","408BA0660","NATHigh","asci","UHUF",1
"540","408BA0660","NATHigh","asci","UHMF",8
"541","408BA0660","NATHigh","csci","UHMF",9
"542","408BA0660","NATLow","asci","UHUF",1
"543","408BA0660","NATLow","asci","UHMF",8
"544","408BA0660","NATLow","csci","UHUF",8
"545","408BA0660","NATLow","csci","UHMF",1
"546","408BA0660","NATMed","asci","UHUF",1
"547","408BA0660","NATMed","asci","UHMF",8
"548","408BA0660","NATMed","csci","UHUF",6
"549","408BA0660","NATMed","csci","UHMF",3
"550","408BA0660","SB2","asci","UHUF",1
"551","408BA0660","SB2","asci","UHMF",8
"552","408BA0660","SB2","csci","UHUF",8
"553","408BA0660","SB2","csci","UHMF",1
"554","412CE0104","HB","csci","UHUF",5
"555","412CE0104","HB","csci","UHMF",4
"556","412CE0104","NATHigh","csci","UHMF",7
"557","412CE0104","NATHigh","csci","UHLF",2
"558","412CE0104","NATLow","csci","HUF",4
"559","412CE0104","NATLow","csci","HMF",5
"560","412CE0104","NATMed","csci","UHUF",3
"561","412CE0104","NATMed","csci","UHMF",5
"562","412CE0104","NATMed","csci","UHLF",1
"563","412WE0552","NAT","asci","UHUF",1
"564","412WE0552","NAT","asci","UHMF",7
"565","412WE0552","NAT","csci","UHUF",8
"566","412WE0552","NATHigh","asci","UHUF",1
"567","412WE0552","NATHigh","asci","UHMF",7
"568","412WE0552","NATHigh","csci","UHMF",8
"569","412WE0552","NATLow","asci","HUF",2
"570","412WE0552","NATLow","asci","HMF",6
"571","412WE0552","NATLow","csci","HUF",7
"572","412WE0552","NATLow","csci","HMF",1
"573","412WE0552","NATMed","asci","UHUF",1
"574","412WE0552","NATMed","asci","UHMF",7
"575","412WE0552","NATMed","csci","UHUF",8
"576","412WE0563","NAT","csci","HUF",8
"577","412WE0563","NATHigh","csci","HMF",8
"578","412WE0563","NATLow","csci","HUF",7
"579","412WE0563","NATLow","csci","HMF",1
"580","412WE0563","NATMed","csci","HUF",8
"581","481S05856","NATHigh","asci","HUF",1
"582","481S05856","NATHigh","asci","HMF",5
"583","481S05856","NATHigh","csci","HMF",6
"584","481S05856","NATLow","asci","HUF",1
"585","481S05856","NATLow","asci","HMF",5
"586","481S05856","NATLow","csci","HUF",5
"587","481S05856","NATLow","csci","HMF",1
"588","481S05856","NATMed","asci","HUF",1
"589","481S05856","NATMed","asci","HMF",5
"590","481S05856","NATMed","csci","HUF",6
"591","722PS0611","NATHigh","asci","UHUF",1
"592","722PS0611","NATHigh","asci","UHMF",8
"593","722PS0611","NATHigh","csci","UHMF",9
"594","722PS0611","NATLow","asci","HUF",4
"595","722PS0611","NATLow","asci","HMF",5
"596","722PS0611","NATLow","csci","HUF",8
"597","722PS0611","NATLow","csci","HMF",1
"598","722PS0611","NATMed","asci","UHUF",1
"599","722PS0611","NATMed","asci","UHMF",8
"600","722PS0611","NATMed","csci","UHUF",9
"601","801BNC530","NAT","asci","HUF",1
"602","801BNC530","NAT","asci","HMF",8
"603","801BNC530","NAT","csci","HUF",7
"604","801BNC530","NAT","csci","HMF",2
"605","801BNC530","NATHigh","asci","HUF",1
"606","801BNC530","NATHigh","asci","HMF",8
"607","801BNC530","NATHigh","csci","UHMF",9
"608","801BNC530","NATLow","asci","HUF",4
"609","801BNC530","NATLow","asci","HMF",5
"610","801BNC530","NATLow","csci","HUF",8
"611","801BNC530","NATLow","csci","HMF",1
"612","801BNC530","NATMed","asci","HUF",1
"613","801BNC530","NATMed","asci","HMF",8
"614","801BNC530","NATMed","csci","HUF",7
"615","801BNC530","NATMed","csci","HMF",2
"616","801CBN012","NAT","csci","UHUF",7
"617","801CBN012","NATHigh","csci","UHMF",7
"618","801CBN012","NATLow","csci","HUF",6
"619","801CBN012","NATLow","csci","HMF",1
"620","801CBN012","NATMed","csci","UHUF",7
"621","801MIC370","NAT","asci","UHUF",1
"622","801MIC370","NAT","asci","UHMF",7
"623","801MIC370","NAT","csci","HUF",6
"624","801MIC370","NAT","csci","HMF",2
"625","801MIC370","NATHigh","asci","UHUF",1
"626","801MIC370","NATHigh","asci","UHMF",7
"627","801MIC370","NATHigh","csci","UHMF",8
"628","801MIC370","NATLow","asci","HUF",2
"629","801MIC370","NATLow","asci","HMF",6
"630","801MIC370","NATLow","csci","HUF",7
"631","801MIC370","NATLow","csci","HMF",1
"632","801MIC370","NATMed","asci","UHUF",1
"633","801MIC370","NATMed","asci","UHMF",7
"634","801MIC370","NATMed","csci","HUF",6
"635","801MIC370","NATMed","csci","HMF",2
"636","801SJR159","NAT","csci","UHUF",8
"637","801SJR159","NATHigh","csci","UHMF",8
"638","801SJR159","NATLow","csci","UHUF",7
"639","801SJR159","NATLow","csci","UHMF",1
"640","801SJR159","NATMed","csci","UHUF",8
"641","801STC071","NAT","csci","UHUF",8
"642","801STC071","NATHigh","csci","UHMF",8
"643","801STC071","NATLow","csci","HUF",7
"644","801STC071","NATLow","csci","HMF",1
"645","801STC071","NATMed","csci","UHUF",8
"646","801STC149","NAT","csci","HUF",3
"647","801STC149","NAT","csci","HMF",2
"648","801STC149","NATHigh","csci","HMF",5
"649","801STC149","NATLow","csci","HUF",4
"650","801STC149","NATLow","csci","HMF",1
"651","801STC149","NATMed","csci","HUF",3
"652","801STC149","NATMed","csci","HMF",2
"653","801WE0550","NATHigh","csci","HMF",5
"654","801WE0550","NATLow","csci","HUF",4
"655","801WE0550","NATLow","csci","HMF",1
"656","801WE0550","NATMed","csci","HUF",3
"657","801WE0550","NATMed","csci","HMF",2
"658","801WE0669","NATHigh","csci","HMF",9
"659","801WE0669","NATLow","csci","HUF",8
"660","801WE0669","NATLow","csci","HMF",1
"661","801WE0669","NATMed","csci","HUF",6
"662","801WE0669","NATMed","csci","HMF",3
"663","801WE1008","NAT","asci","UHUF",1
"664","801WE1008","NAT","asci","UHMF",8
"665","801WE1008","NAT","csci","UHUF",7
"666","801WE1008","NAT","csci","UHMF",2
"667","801WE1008","NATHigh","asci","UHUF",1
"668","801WE1008","NATHigh","asci","UHMF",8
"669","801WE1008","NATHigh","csci","UHMF",9
"670","801WE1008","NATLow","asci","HUF",4
"671","801WE1008","NATLow","asci","HMF",5
"672","801WE1008","NATLow","csci","UHUF",8
"673","801WE1008","NATLow","csci","UHMF",1
"674","801WE1008","NATMed","asci","UHUF",1
"675","801WE1008","NATMed","asci","UHMF",8
"676","801WE1008","NATMed","csci","UHUF",7
"677","801WE1008","NATMed","csci","UHMF",2
"678","801WE1127","NATHigh","csci","HMF",6
"679","801WE1127","NATLow","csci","HUF",5
"680","801WE1127","NATLow","csci","HMF",1
"681","801WE1127","NATMed","csci","HUF",6
"682","801XXX118","NAT","csci","UHUF",9
"683","801XXX118","NATHigh","csci","UHMF",9
"684","801XXX118","NATLow","csci","HUF",8
"685","801XXX118","NATLow","csci","HMF",1
"686","801XXX118","NATMed","csci","UHUF",9
"687","802HYC496","NAT","csci","HUF",8
"688","802HYC496","NATHigh","csci","UHMF",8
"689","802HYC496","NATLow","csci","HUF",7
"690","802HYC496","NATLow","csci","HMF",1
"691","802HYC496","NATMed","csci","HUF",8
"692","802INC155","NATHigh","csci","HMF",5
"693","802INC155","NATLow","csci","HUF",4
"694","802INC155","NATLow","csci","HMF",1
"695","802INC155","NATMed","csci","HUF",2
"696","802INC155","NATMed","csci","HMF",3
"697","802INC172","NAT","csci","UHUF",7
"698","802INC172","NATHigh","csci","UHMF",7
"699","802INC172","NATLow","csci","HUF",6
"700","802INC172","NATLow","csci","HMF",1
"701","802INC172","NATMed","csci","UHUF",7
"702","802SJC453","NAT","csci","UHUF",8
"703","802SJC453","NATHigh","csci","UHMF",8
"704","802SJC453","NATLow","csci","HUF",7
"705","802SJC453","NATLow","csci","HMF",1
"706","802SJC453","NATMed","csci","UHUF",8
"707","802SWC020","NAT","csci","HUF",9
"708","802SWC020","NATHigh","csci","HMF",9
"709","802SWC020","NATLow","csci","HUF",8
"710","802SWC020","NATLow","csci","HMF",1
"711","802SWC020","NATMed","csci","HUF",9
"712","802WE0794","NATHigh","csci","HMF",6
"713","802WE0794","NATLow","csci","HUF",5
"714","802WE0794","NATLow","csci","HMF",1
"715","802WE0794","NATMed","csci","HUF",6
"716","901ATCDOS","NATHigh","asci","UHUF",1
"717","901ATCDOS","NATHigh","asci","UHMF",4
"718","901ATCDOS","NATHigh","csci","UHMF",5
"719","901ATCDOS","NATLow","asci","UHUF",1
"720","901ATCDOS","NATLow","asci","UHMF",4
"721","901ATCDOS","NATLow","csci","UHUF",4
"722","901ATCDOS","NATLow","csci","UHMF",1
"723","901ATCDOS","NATMed","asci","UHUF",1
"724","901ATCDOS","NATMed","asci","UHMF",4
"725","901ATCDOS","NATMed","csci","UHUF",5
"726","901ATCDOS","SB2","asci","UHUF",1
"727","901ATCDOS","SB2","asci","UHMF",4
"728","901ATCDOS","SB2","csci","UHUF",5
"729","901S00469","NATHigh","asci","HUF",1
"730","901S00469","NATHigh","asci","HMF",5
"731","901S00469","NATHigh","csci","HMF",6
"732","901S00469","NATLow","asci","HUF",3
"733","901S00469","NATLow","asci","HMF",3
"734","901S00469","NATLow","csci","HUF",5
"735","901S00469","NATLow","csci","HMF",1
"736","901S00469","NATMed","asci","HUF",1
"737","901S00469","NATMed","asci","HMF",5
"738","901S00469","NATMed","csci","HUF",6
"739","901S01705","NATHigh","asci","UHUF",1
"740","901S01705","NATHigh","asci","UHMF",6
"741","901S01705","NATHigh","csci","HMF",7
"742","901S01705","NATLow","asci","HUF",3
"743","901S01705","NATLow","asci","HMF",4
"744","901S01705","NATLow","csci","HUF",6
"745","901S01705","NATLow","csci","HMF",1
"746","901S01705","NATMed","asci","HUF",1
"747","901S01705","NATMed","asci","HMF",6
"748","901S01705","NATMed","csci","HUF",7
"749","901S01849","NATHigh","asci","HUF",1
"750","901S01849","NATHigh","asci","HMF",7
"751","901S01849","NATHigh","csci","HMF",8
"752","901S01849","NATLow","asci","HUF",3
"753","901S01849","NATLow","asci","HMF",5
"754","901S01849","NATLow","csci","HUF",7
"755","901S01849","NATLow","csci","HMF",1
"756","901S01849","NATMed","asci","HUF",1
"757","901S01849","NATMed","asci","HMF",7
"758","901S01849","NATMed","csci","HUF",8
"759","901S02873","NATHigh","asci","UHUF",1
"760","901S02873","NATHigh","asci","UHMF",5
"761","901S02873","NATHigh","csci","HMF",6
"762","901S02873","NATLow","asci","HUF",3
"763","901S02873","NATLow","asci","HMF",3
"764","901S02873","NATLow","csci","HUF",5
"765","901S02873","NATLow","csci","HMF",1
"766","901S02873","NATMed","asci","HUF",1
"767","901S02873","NATMed","asci","HMF",5
"768","901S02873","NATMed","csci","HUF",6
"769","901S04309","NATHigh","asci","HUF",1
"770","901S04309","NATHigh","asci","HMF",8
"771","901S04309","NATHigh","csci","UHMF",9
"772","901S04309","NATLow","asci","HUF",4
"773","901S04309","NATLow","asci","HMF",5
"774","901S04309","NATLow","csci","HUF",8
"775","901S04309","NATLow","csci","HMF",1
"776","901S04309","NATMed","asci","HUF",1
"777","901S04309","NATMed","asci","HMF",8
"778","901S04309","NATMed","csci","HUF",9
"779","901S06969","NATHigh","asci","UHUF",1
"780","901S06969","NATHigh","asci","UHMF",7
"781","901S06969","NATHigh","csci","UHMF",8
"782","901S06969","NATLow","asci","UHUF",3
"783","901S06969","NATLow","asci","UHMF",5
"784","901S06969","NATLow","csci","HUF",7
"785","901S06969","NATLow","csci","HMF",1
"786","901S06969","NATMed","asci","UHUF",1
"787","901S06969","NATMed","asci","UHMF",7
"788","901S06969","NATMed","csci","HUF",8
"789","902S01097","NAT","asci","UHUF",1
"790","902S01097","NAT","asci","UHMF",5
"791","902S01097","NAT","csci","HUF",6
"792","902S01097","NATHigh","asci","UHUF",1
"793","902S01097","NATHigh","asci","UHMF",5
"794","902S01097","NATHigh","csci","HMF",6
"795","902S01097","NATLow","asci","UHUF",2
"796","902S01097","NATLow","asci","UHMF",4
"797","902S01097","NATLow","csci","HUF",5
"798","902S01097","NATLow","csci","HMF",1
"799","902S01097","NATMed","asci","UHUF",1
"800","902S01097","NATMed","asci","UHMF",5
"801","902S01097","NATMed","csci","HUF",6
"802","902S02293","NATHigh","asci","UHUF",1
"803","902S02293","NATHigh","asci","UHMF",4
"804","902S02293","NATHigh","asci","UHLF",4
"805","902S02293","NATHigh","csci","UHMF",7
"806","902S02293","NATHigh","csci","UHLF",2
"807","902S02293","NATLow","asci","UHUF",1
"808","902S02293","NATLow","asci","UHMF",8
"809","902S02293","NATLow","csci","HUF",6
"810","902S02293","NATLow","csci","HMF",3
"811","902S02293","NATMed","asci","UHUF",1
"812","902S02293","NATMed","asci","UHMF",6
"813","902S02293","NATMed","asci","UHLF",2
"814","902S02293","NATMed","csci","HUF",5
"815","902S02293","NATMed","csci","HMF",4
"816","903WE0900","NAT","asci","UHUF",1
"817","903WE0900","NAT","asci","UHMF",6
"818","903WE0900","NAT","csci","HUF",7
"819","903WE0900","NATHigh","asci","UHUF",1
"820","903WE0900","NATHigh","asci","UHMF",6
"821","903WE0900","NATHigh","csci","HMF",7
"822","903WE0900","NATLow","asci","UHUF",3
"823","903WE0900","NATLow","asci","UHMF",4
"824","903WE0900","NATLow","csci","HUF",6
"825","903WE0900","NATLow","csci","HMF",1
"826","903WE0900","NATMed","asci","UHUF",1
"827","903WE0900","NATMed","asci","UHMF",6
"828","903WE0900","NATMed","csci","HUF",7
"829","905SDYSA7","NAT","asci","UHUF",1
"830","905SDYSA7","NAT","asci","UHMF",8
"831","905SDYSA7","NAT","csci","HUF",8
"832","905SDYSA7","NAT","csci","HMF",1
"833","905SDYSA7","NATHigh","asci","UHUF",1
"834","905SDYSA7","NATHigh","asci","UHMF",8
"835","905SDYSA7","NATHigh","csci","UHMF",9
"836","905SDYSA7","NATLow","asci","UHUF",2
"837","905SDYSA7","NATLow","asci","UHMF",7
"838","905SDYSA7","NATLow","csci","HUF",8
"839","905SDYSA7","NATLow","csci","HMF",1
"840","905SDYSA7","NATMed","asci","UHUF",1
"841","905SDYSA7","NATMed","asci","UHMF",8
"842","905SDYSA7","NATMed","csci","HUF",8
"843","905SDYSA7","NATMed","csci","HMF",1
"844","906S02246","NATHigh","asci","UHUF",1
"845","906S02246","NATHigh","asci","UHMF",4
"846","906S02246","NATHigh","csci","UHMF",5
"847","906S02246","NATLow","asci","UHUF",2
"848","906S02246","NATLow","asci","UHMF",3
"849","906S02246","NATLow","csci","HUF",4
"850","906S02246","NATLow","csci","HMF",1
"851","906S02246","NATMed","asci","UHUF",1
"852","906S02246","NATMed","asci","UHMF",4
"853","906S02246","NATMed","csci","UHUF",5
"854","907M23362","NAT","asci","UHUF",1
"855","907M23362","NAT","asci","UHMF",8
"856","907M23362","NAT","csci","HUF",9
"857","907M23362","NATHigh","asci","UHUF",1
"858","907M23362","NATHigh","asci","UHMF",8
"859","907M23362","NATHigh","csci","HMF",9
"860","907M23362","NATLow","asci","HUF",4
"861","907M23362","NATLow","asci","HMF",5
"862","907M23362","NATLow","csci","HUF",8
"863","907M23362","NATLow","csci","HMF",1
"864","907M23362","NATMed","asci","UHUF",1
"865","907M23362","NATMed","asci","UHMF",8
"866","907M23362","NATMed","csci","HUF",9
"867","907M23367","NAT","asci","HUF",1
"868","907M23367","NAT","asci","HMF",8
"869","907M23367","NAT","csci","HUF",9
"870","907M23367","NATHigh","asci","HUF",1
"871","907M23367","NATHigh","asci","HMF",8
"872","907M23367","NATHigh","csci","HMF",9
"873","907M23367","NATLow","asci","HUF",3
"874","907M23367","NATLow","asci","HMF",6
"875","907M23367","NATLow","csci","HUF",8
"876","907M23367","NATLow","csci","HMF",1
"877","907M23367","NATMed","asci","HUF",1
"878","907M23367","NATMed","asci","HMF",8
"879","907M23367","NATMed","csci","HUF",9
"880","907S01418","NAT","asci","HUF",1
"881","907S01418","NAT","asci","HMF",8
"882","907S01418","NAT","csci","HUF",9
"883","907S01418","NATHigh","asci","HUF",1
"884","907S01418","NATHigh","asci","HMF",8
"885","907S01418","NATHigh","csci","HMF",9
"886","907S01418","NATLow","asci","HUF",4
"887","907S01418","NATLow","asci","HMF",5
"888","907S01418","NATLow","csci","HUF",8
"889","907S01418","NATLow","csci","HMF",1
"890","907S01418","NATMed","asci","HUF",1
"891","907S01418","NATMed","asci","HMF",8
"892","907S01418","NATMed","csci","HUF",9
"893","907S01610","NATHigh","asci","HUF",1
"894","907S01610","NATHigh","asci","HMF",8
"895","907S01610","NATHigh","csci","HMF",9
"896","907S01610","NATLow","asci","HUF",3
"897","907S01610","NATLow","asci","HMF",6
"898","907S01610","NATLow","csci","HUF",8
"899","907S01610","NATLow","csci","HMF",1
"900","907S01610","NATMed","asci","HUF",1
"901","907S01610","NATMed","asci","HMF",8
"902","907S01610","NATMed","csci","HUF",9
"903","907S03786","NATHigh","asci","UHUF",1
"904","907S03786","NATHigh","asci","UHMF",7
"905","907S03786","NATHigh","csci","HMF",8
"906","907S03786","NATLow","asci","UHUF",3
"907","907S03786","NATLow","asci","UHMF",5
"908","907S03786","NATLow","csci","HUF",7
"909","907S03786","NATLow","csci","HMF",1
"910","907S03786","NATMed","asci","UHUF",1
"911","907S03786","NATMed","asci","UHMF",7
"912","907S03786","NATMed","csci","HUF",8
"913","907S05514","NATHigh","asci","HUF",1
"914","907S05514","NATHigh","asci","HMF",8
"915","907S05514","NATHigh","csci","HMF",9
"916","907S05514","NATLow","asci","HUF",4
"917","907S05514","NATLow","asci","HMF",5
"918","907S05514","NATLow","csci","HUF",8
"919","907S05514","NATLow","csci","HMF",1
"920","907S05514","NATMed","asci","HUF",1
"921","907S05514","NATMed","asci","HMF",8
"922","907S05514","NATMed","csci","HUF",9
"923","907SSDR11","NAT","asci","UHUF",1
"924","907SSDR11","NAT","asci","UHMF",8
"925","907SSDR11","NAT","csci","UHUF",6
"926","907SSDR11","NAT","csci","UHMF",3
"927","907SSDR11","NATHigh","asci","UHUF",1
"928","907SSDR11","NATHigh","asci","UHMF",6
"929","907SSDR11","NATHigh","asci","UHLF",2
"930","907SSDR11","NATHigh","csci","UHMF",9
"931","907SSDR11","NATLow","asci","HUF",2
"932","907SSDR11","NATLow","asci","HMF",7
"933","907SSDR11","NATLow","csci","HUF",8
"934","907SSDR11","NATLow","csci","HMF",1
"935","907SSDR11","NATMed","asci","UHUF",1
"936","907SSDR11","NATMed","asci","UHMF",8
"937","907SSDR11","NATMed","csci","UHUF",6
"938","907SSDR11","NATMed","csci","UHMF",3
"939","909S14218","NAT","asci","UHUF",1
"940","909S14218","NAT","asci","UHMF",6
"941","909S14218","NAT","csci","HUF",7
"942","909S14218","NATHigh","asci","UHUF",1
"943","909S14218","NATHigh","asci","UHMF",6
"944","909S14218","NATHigh","csci","HMF",7
"945","909S14218","NATLow","asci","UHUF",3
"946","909S14218","NATLow","asci","UHMF",4
"947","909S14218","NATLow","csci","HUF",6
"948","909S14218","NATLow","csci","HMF",1
"949","909S14218","NATMed","asci","UHUF",1
"950","909S14218","NATMed","asci","UHMF",6
"951","909S14218","NATMed","csci","HUF",7
"952","909WE1014","NAT","csci","HUF",7
"953","909WE1014","NATHigh","csci","UHMF",7
"954","909WE1014","NATLow","csci","HUF",6
"955","909WE1014","NATLow","csci","HMF",1
"956","909WE1014","NATMed","csci","HUF",7
"957","911S00538","NATHigh","asci","HUF",1
"958","911S00538","NATHigh","asci","HMF",8
"959","911S00538","NATHigh","csci","HMF",9
"960","911S00538","NATLow","asci","HUF",4
"961","911S00538","NATLow","asci","HMF",5
"962","911S00538","NATLow","csci","HUF",8
"963","911S00538","NATLow","csci","HMF",1
"964","911S00538","NATMed","asci","HUF",1
"965","911S00538","NATMed","asci","HMF",8
"966","911S00538","NATMed","csci","HUF",9
"967","ME-SCR","NAT","asci","UHUF",1
"968","ME-SCR","NAT","asci","UHMF",6
"969","ME-SCR","NAT","asci","UHLF",2
"970","ME-SCR","NAT","csci","UHMF",9
"971","ME-SCR","NATHigh","asci","UHUF",1
"972","ME-SCR","NATHigh","asci","UHMF",4
"973","ME-SCR","NATHigh","asci","UHLF",4
"974","ME-SCR","NATHigh","csci","UHMF",5
"975","ME-SCR","NATHigh","csci","UHLF",4
"976","ME-SCR","NATLow","asci","UHUF",1
"977","ME-SCR","NATLow","asci","UHMF",7
"978","ME-SCR","NATLow","asci","UHLF",1
"979","ME-SCR","NATLow","csci","UHUF",3
"980","ME-SCR","NATLow","csci","UHMF",6
"981","ME-SCR","NATMed","asci","UHUF",1
"982","ME-SCR","NATMed","asci","UHMF",6
"983","ME-SCR","NATMed","asci","UHLF",2
"984","ME-SCR","NATMed","csci","UHMF",9
"985","SGLT506","NATHigh","asci","UHUF",1
"986","SGLT506","NATHigh","asci","UHMF",7
"987","SGLT506","NATHigh","csci","UHMF",8
"988","SGLT506","NATLow","asci","UHUF",1
"989","SGLT506","NATLow","asci","UHMF",7
"990","SGLT506","NATLow","csci","UHUF",7
"991","SGLT506","NATLow","csci","UHMF",1
"992","SGLT506","NATMed","asci","UHUF",1
"993","SGLT506","NATMed","asci","UHMF",7
"994","SGLT506","NATMed","csci","UHUF",5
"995","SGLT506","NATMed","csci","UHMF",3
"996","SGLT506","SB2","asci","UHUF",1
"997","SGLT506","SB2","asci","UHMF",7
"998","SGLT506","SB2","csci","UHUF",6
"999","SGLT506","SB2","csci","UHMF",2
"1000","SGUT501","NATHigh","asci","UHUF",1
"1001","SGUT501","NATHigh","asci","UHMF",8
"1002","SGUT501","NATHigh","csci","HMF",9
"1003","SGUT501","NATLow","asci","UHUF",4
"1004","SGUT501","NATLow","asci","UHMF",5
"1005","SGUT501","NATLow","csci","HUF",8
"1006","SGUT501","NATLow","csci","HMF",1
"1007","SGUT501","NATMed","asci","UHUF",1
"1008","SGUT501","NATMed","asci","UHMF",8
"1009","SGUT501","NATMed","csci","HUF",9
"1010","SGUT503","NAT","asci","UHUF",1
"1011","SGUT503","NAT","asci","UHMF",7
"1012","SGUT503","NAT","csci","HUF",8
"1013","SGUT503","NATHigh","asci","UHUF",1
"1014","SGUT503","NATHigh","asci","UHMF",7
"1015","SGUT503","NATHigh","csci","HMF",8
"1016","SGUT503","NATLow","asci","HUF",2
"1017","SGUT503","NATLow","asci","HMF",6
"1018","SGUT503","NATLow","csci","HUF",7
"1019","SGUT503","NATLow","csci","HMF",1
"1020","SGUT503","NATMed","asci","UHUF",1
"1021","SGUT503","NATMed","asci","UHMF",7
"1022","SGUT503","NATMed","csci","HUF",8
"1023","SGUT505","NATHigh","csci","UHMF",8
"1024","SGUT505","NATHigh","csci","UHLF",1
"1025","SGUT505","NATLow","csci","HUF",7
"1026","SGUT505","NATLow","csci","HMF",2
"1027","SGUT505","NATMed","csci","UHUF",4
"1028","SGUT505","NATMed","csci","UHMF",5
"1029","SMC00198","NAT","asci","UHUF",1
"1030","SMC00198","NAT","asci","UHMF",6
"1031","SMC00198","NAT","csci","UHUF",7
"1032","SMC00198","NATHigh","asci","UHUF",1
"1033","SMC00198","NATHigh","asci","UHMF",6
"1034","SMC00198","NATHigh","csci","UHMF",7
"1035","SMC00198","NATLow","asci","UHUF",3
"1036","SMC00198","NATLow","asci","UHMF",4
"1037","SMC00198","NATLow","csci","HUF",6
"1038","SMC00198","NATLow","csci","HMF",1
"1039","SMC00198","NATMed","asci","UHUF",1
"1040","SMC00198","NATMed","asci","UHMF",6
"1041","SMC00198","NATMed","csci","UHUF",7
"1042","SMC00318","HB","asci","UHUF",1
"1043","SMC00318","HB","asci","UHMF",3
"1044","SMC00318","HB","asci","UHLF",5
"1045","SMC00318","HB","csci","UHUF",2
"1046","SMC00318","HB","csci","UHMF",5
"1047","SMC00318","HB","csci","UHLF",2
"1048","SMC00318","NATHigh","asci","UHUF",1
"1049","SMC00318","NATHigh","asci","UHMF",3
"1050","SMC00318","NATHigh","asci","UHLF",5
"1051","SMC00318","NATHigh","csci","UHMF",4
"1052","SMC00318","NATHigh","csci","UHLF",5
"1053","SMC00318","NATLow","asci","UHUF",1
"1054","SMC00318","NATLow","asci","UHMF",6
"1055","SMC00318","NATLow","asci","UHLF",2
"1056","SMC00318","NATLow","csci","UHUF",2
"1057","SMC00318","NATLow","csci","UHMF",5
"1058","SMC00318","NATLow","csci","UHLF",2
"1059","SMC00318","NATMed","asci","UHUF",1
"1060","SMC00318","NATMed","asci","UHMF",3
"1061","SMC00318","NATMed","asci","UHLF",5
"1062","SMC00318","NATMed","csci","UHUF",1
"1063","SMC00318","NATMed","csci","UHMF",4
"1064","SMC00318","NATMed","csci","UHLF",4
"1065","SMC00436","HB","asci","UHUF",1
"1066","SMC00436","HB","asci","UHMF",7
"1067","SMC00436","HB","asci","UHLF",1
"1068","SMC00436","HB","csci","UHUF",7
"1069","SMC00436","HB","csci","UHMF",2
"1070","SMC00436","NATHigh","asci","UHUF",1
"1071","SMC00436","NATHigh","asci","UHMF",6
"1072","SMC00436","NATHigh","asci","UHLF",2
"1073","SMC00436","NATHigh","csci","UHMF",8
"1074","SMC00436","NATHigh","csci","UHLF",1
"1075","SMC00436","NATLow","asci","UHUF",1
"1076","SMC00436","NATLow","asci","UHMF",8
"1077","SMC00436","NATLow","csci","UHUF",6
"1078","SMC00436","NATLow","csci","UHMF",3
"1079","SMC00436","NATMed","asci","UHUF",1
"1080","SMC00436","NATMed","asci","UHMF",7
"1081","SMC00436","NATMed","asci","UHLF",1
"1082","SMC00436","NATMed","csci","UHUF",4
"1083","SMC00436","NATMed","csci","UHMF",5
"1084","SMC00476","NAT","asci","HUF",1
"1085","SMC00476","NAT","asci","HMF",7
"1086","SMC00476","NAT","csci","HUF",7
"1087","SMC00476","NAT","csci","HMF",1
"1088","SMC00476","NATHigh","asci","HUF",1
"1089","SMC00476","NATHigh","asci","HMF",7
"1090","SMC00476","NATHigh","csci","HMF",8
"1091","SMC00476","NATLow","asci","HUF",1
"1092","SMC00476","NATLow","asci","HMF",7
"1093","SMC00476","NATLow","csci","HUF",7
"1094","SMC00476","NATLow","csci","HMF",1
"1095","SMC00476","NATMed","asci","HUF",1
"1096","SMC00476","NATMed","asci","HMF",7
"1097","SMC00476","NATMed","csci","HUF",7
"1098","SMC00476","NATMed","csci","HMF",1
"1099","SMC00710","NAT","asci","HUF",1
"1100","SMC00710","NAT","asci","HMF",5
"1101","SMC00710","NAT","csci","UHUF",2
"1102","SMC00710","NAT","csci","UHMF",4
"1103","SMC00710","NATHigh","asci","UHUF",1
"1104","SMC00710","NATHigh","asci","UHMF",5
"1105","SMC00710","NATHigh","csci","UHMF",5
"1106","SMC00710","NATHigh","csci","UHLF",1
"1107","SMC00710","NATLow","asci","HUF",2
"1108","SMC00710","NATLow","asci","HMF",4
"1109","SMC00710","NATLow","csci","HUF",4
"1110","SMC00710","NATLow","csci","HMF",2
"1111","SMC00710","NATMed","asci","HUF",1
"1112","SMC00710","NATMed","asci","HMF",5
"1113","SMC00710","NATMed","csci","UHUF",2
"1114","SMC00710","NATMed","csci","UHMF",4
"1115","SMC00873","NAT","asci","UHUF",1
"1116","SMC00873","NAT","asci","UHMF",6
"1117","SMC00873","NAT","csci","UHUF",7
"1118","SMC00873","NATHigh","asci","UHUF",1
"1119","SMC00873","NATHigh","asci","UHMF",6
"1120","SMC00873","NATHigh","csci","UHMF",7
"1121","SMC00873","NATLow","asci","UHUF",2
"1122","SMC00873","NATLow","asci","UHMF",5
"1123","SMC00873","NATLow","csci","HUF",6
"1124","SMC00873","NATLow","csci","HMF",1
"1125","SMC00873","NATMed","asci","UHUF",1
"1126","SMC00873","NATMed","asci","UHMF",6
"1127","SMC00873","NATMed","csci","UHUF",7
"1128","SMC00899","HB","asci","UHUF",1
"1129","SMC00899","HB","asci","UHMF",8
"1130","SMC00899","HB","csci","UHUF",8
"1131","SMC00899","HB","csci","UHLF",1
"1132","SMC00899","NATHigh","asci","UHUF",1
"1133","SMC00899","NATHigh","asci","UHMF",8
"1134","SMC00899","NATHigh","csci","UHMF",8
"1135","SMC00899","NATHigh","csci","UHLF",1
"1136","SMC00899","NATLow","asci","UHUF",2
"1137","SMC00899","NATLow","asci","UHMF",7
"1138","SMC00899","NATLow","csci","UHUF",7
"1139","SMC00899","NATLow","csci","UHMF",1
"1140","SMC00899","NATLow","csci","UHLF",1
"1141","SMC00899","NATMed","asci","UHUF",1
"1142","SMC00899","NATMed","asci","UHMF",8
"1143","SMC00899","NATMed","csci","UHUF",8
"1144","SMC00899","NATMed","csci","UHLF",1
"1145","SMC00957","NAT","csci","UHUF",9
"1146","SMC00957","NATHigh","csci","UHMF",9
"1147","SMC00957","NATLow","csci","UHUF",8
"1148","SMC00957","NATLow","csci","UHMF",1
"1149","SMC00957","NATMed","csci","UHUF",9
"1150","SMC00958","NATHigh","asci","UHUF",1
"1151","SMC00958","NATHigh","asci","UHMF",2
"1152","SMC00958","NATHigh","asci","UHLF",4
"1153","SMC00958","NATHigh","csci","UHMF",5
"1154","SMC00958","NATHigh","csci","UHLF",2
"1155","SMC00958","NATLow","asci","UHUF",1
"1156","SMC00958","NATLow","asci","UHMF",6
"1157","SMC00958","NATLow","csci","UHUF",3
"1158","SMC00958","NATLow","csci","UHMF",3
"1159","SMC00958","NATLow","csci","UHLF",1
"1160","SMC00958","NATMed","asci","UHUF",1
"1161","SMC00958","NATMed","asci","UHMF",5
"1162","SMC00958","NATMed","asci","UHLF",1
"1163","SMC00958","NATMed","csci","UHUF",1
"1164","SMC00958","NATMed","csci","UHMF",4
"1165","SMC00958","NATMed","csci","UHLF",2
"1166","SMC00958","SB2","asci","UHUF",1
"1167","SMC00958","SB2","asci","UHMF",5
"1168","SMC00958","SB2","asci","UHLF",1
"1169","SMC00958","SB2","csci","UHUF",3
"1170","SMC00958","SB2","csci","UHMF",2
"1171","SMC00958","SB2","csci","UHLF",2
"1172","SMC01158","NAT","csci","UHUF",5
"1173","SMC01158","NATHigh","csci","UHMF",5
"1174","SMC01158","NATLow","csci","UHUF",4
"1175","SMC01158","NATLow","csci","UHMF",1
"1176","SMC01158","NATMed","csci","UHUF",5
"1177","SMC01257","NATHigh","asci","UHUF",1
"1178","SMC01257","NATHigh","asci","UHMF",5
"1179","SMC01257","NATHigh","csci","UHMF",6
"1180","SMC01257","NATLow","asci","UHUF",1
"1181","SMC01257","NATLow","asci","UHMF",5
"1182","SMC01257","NATLow","csci","HUF",5
"1183","SMC01257","NATLow","csci","HMF",1
"1184","SMC01257","NATMed","asci","UHUF",1
"1185","SMC01257","NATMed","asci","UHMF",5
"1186","SMC01257","NATMed","csci","UHUF",6
"1187","SMC01257","SB2","asci","UHUF",1
"1188","SMC01257","SB2","asci","UHMF",5
"1189","SMC01257","SB2","csci","UHUF",6
"1190","SMC01260","HB","asci","UHUF",1
"1191","SMC01260","HB","asci","UHMF",7
"1192","SMC01260","HB","csci","UHUF",8
"1193","SMC01260","NATHigh","asci","UHUF",1
"1194","SMC01260","NATHigh","asci","UHMF",7
"1195","SMC01260","NATHigh","csci","UHMF",8
"1196","SMC01260","NATLow","asci","HUF",1
"1197","SMC01260","NATLow","asci","HMF",7
"1198","SMC01260","NATLow","csci","UHUF",7
"1199","SMC01260","NATLow","csci","UHMF",1
"1200","SMC01260","NATMed","asci","UHUF",1
"1201","SMC01260","NATMed","asci","UHMF",7
"1202","SMC01260","NATMed","csci","UHUF",5
"1203","SMC01260","NATMed","csci","UHMF",3
"1204","SMC01320","NAT","asci","UHUF",1
"1205","SMC01320","NAT","asci","UHMF",8
"1206","SMC01320","NAT","csci","HUF",9
"1207","SMC01320","NATHigh","asci","UHUF",1
"1208","SMC01320","NATHigh","asci","UHMF",8
"1209","SMC01320","NATHigh","csci","HMF",9
"1210","SMC01320","NATLow","asci","UHUF",4
"1211","SMC01320","NATLow","asci","UHMF",5
"1212","SMC01320","NATLow","csci","HUF",8
"1213","SMC01320","NATLow","csci","HMF",1
"1214","SMC01320","NATMed","asci","UHUF",1
"1215","SMC01320","NATMed","asci","UHMF",8
"1216","SMC01320","NATMed","csci","HUF",9
"1217","SMC01358","HB","asci","UHUF",1
"1218","SMC01358","HB","asci","UHMF",6
"1219","SMC01358","HB","asci","UHLF",2
"1220","SMC01358","HB","csci","UHUF",5
"1221","SMC01358","HB","csci","UHMF",2
"1222","SMC01358","HB","csci","UHLF",2
"1223","SMC01358","NATHigh","asci","UHUF",1
"1224","SMC01358","NATHigh","asci","UHMF",3
"1225","SMC01358","NATHigh","asci","UHLF",5
"1226","SMC01358","NATHigh","csci","UHMF",5
"1227","SMC01358","NATHigh","csci","UHLF",4
"1228","SMC01358","NATLow","asci","UHUF",1
"1229","SMC01358","NATLow","asci","UHMF",8
"1230","SMC01358","NATLow","csci","UHUF",4
"1231","SMC01358","NATLow","csci","UHMF",4
"1232","SMC01358","NATLow","csci","UHLF",1
"1233","SMC01358","NATMed","asci","UHUF",1
"1234","SMC01358","NATMed","asci","UHMF",6
"1235","SMC01358","NATMed","asci","UHLF",2
"1236","SMC01358","NATMed","csci","UHMF",7
"1237","SMC01358","NATMed","csci","UHLF",2
"1238","SMC01372","NAT","csci","UHUF",5
"1239","SMC01372","NAT","csci","UHMF",4
"1240","SMC01372","NATHigh","csci","UHMF",9
"1241","SMC01372","NATLow","csci","HUF",8
"1242","SMC01372","NATLow","csci","HMF",1
"1243","SMC01372","NATMed","csci","UHUF",5
"1244","SMC01372","NATMed","csci","UHMF",4
"1245","SMC01413","NAT","asci","HUF",1
"1246","SMC01413","NAT","asci","HMF",4
"1247","SMC01413","NAT","csci","HUF",5
"1248","SMC01413","NATHigh","asci","HUF",1
"1249","SMC01413","NATHigh","asci","HMF",4
"1250","SMC01413","NATHigh","csci","HMF",5
"1251","SMC01413","NATLow","asci","HUF",1
"1252","SMC01413","NATLow","asci","HMF",4
"1253","SMC01413","NATLow","csci","HUF",4
"1254","SMC01413","NATLow","csci","HMF",1
"1255","SMC01413","NATMed","asci","HUF",1
"1256","SMC01413","NATMed","asci","HMF",4
"1257","SMC01413","NATMed","csci","HUF",5
"1258","SMC01452","HB","asci","UHUF",1
"1259","SMC01452","HB","asci","UHMF",5
"1260","SMC01452","HB","csci","UHUF",6
"1261","SMC01452","NATHigh","asci","UHUF",1
"1262","SMC01452","NATHigh","asci","UHMF",5
"1263","SMC01452","NATHigh","csci","UHMF",6
"1264","SMC01452","NATLow","asci","UHUF",1
"1265","SMC01452","NATLow","asci","UHMF",5
"1266","SMC01452","NATLow","csci","UHUF",5
"1267","SMC01452","NATLow","csci","UHMF",1
"1268","SMC01452","NATMed","asci","UHUF",1
"1269","SMC01452","NATMed","asci","UHMF",5
"1270","SMC01452","NATMed","csci","UHUF",6
"1271","SMC01544","NAT","asci","HUF",1
"1272","SMC01544","NAT","asci","HMF",8
"1273","SMC01544","NAT","csci","UHUF",9
"1274","SMC01544","NATHigh","asci","UHUF",1
"1275","SMC01544","NATHigh","asci","UHMF",8
"1276","SMC01544","NATHigh","csci","UHMF",9
"1277","SMC01544","NATLow","asci","HUF",4
"1278","SMC01544","NATLow","asci","HMF",5
"1279","SMC01544","NATLow","csci","HUF",8
"1280","SMC01544","NATLow","csci","HMF",1
"1281","SMC01544","NATMed","asci","HUF",1
"1282","SMC01544","NATMed","asci","HMF",8
"1283","SMC01544","NATMed","csci","UHUF",9
"1284","SMC01567","NAT","asci","HUF",1
"1285","SMC01567","NAT","asci","HMF",6
"1286","SMC01567","NAT","csci","UHUF",7
"1287","SMC01567","NATHigh","asci","HUF",1
"1288","SMC01567","NATHigh","asci","HMF",6
"1289","SMC01567","NATHigh","csci","UHMF",7
"1290","SMC01567","NATLow","asci","HUF",2
"1291","SMC01567","NATLow","asci","HMF",5
"1292","SMC01567","NATLow","csci","HUF",6
"1293","SMC01567","NATLow","csci","HMF",1
"1294","SMC01567","NATMed","asci","HUF",1
"1295","SMC01567","NATMed","asci","HMF",6
"1296","SMC01567","NATMed","csci","UHUF",7
"1297","SMC01726","HB","asci","UHUF",1
"1298","SMC01726","HB","asci","UHMF",6
"1299","SMC01726","HB","csci","UHUF",5
"1300","SMC01726","HB","csci","UHLF",2
"1301","SMC01726","NATHigh","asci","UHUF",1
"1302","SMC01726","NATHigh","asci","UHMF",4
"1303","SMC01726","NATHigh","asci","UHLF",2
"1304","SMC01726","NATHigh","csci","UHMF",5
"1305","SMC01726","NATHigh","csci","UHLF",2
"1306","SMC01726","NATLow","asci","UHUF",1
"1307","SMC01726","NATLow","asci","UHMF",6
"1308","SMC01726","NATLow","csci","UHUF",4
"1309","SMC01726","NATLow","csci","UHMF",2
"1310","SMC01726","NATLow","csci","UHLF",1
"1311","SMC01726","NATMed","asci","UHUF",1
"1312","SMC01726","NATMed","asci","UHMF",6
"1313","SMC01726","NATMed","csci","UHUF",2
"1314","SMC01726","NATMed","csci","UHMF",3
"1315","SMC01726","NATMed","csci","UHLF",2
"1316","SMC01772","HB","asci","UHUF",1
"1317","SMC01772","HB","asci","UHMF",6
"1318","SMC01772","HB","csci","UHUF",6
"1319","SMC01772","HB","csci","UHLF",1
"1320","SMC01772","NATHigh","asci","UHUF",1
"1321","SMC01772","NATHigh","asci","UHMF",5
"1322","SMC01772","NATHigh","asci","UHLF",1
"1323","SMC01772","NATHigh","csci","UHMF",6
"1324","SMC01772","NATHigh","csci","UHLF",1
"1325","SMC01772","NATLow","asci","UHUF",2
"1326","SMC01772","NATLow","asci","UHMF",5
"1327","SMC01772","NATLow","csci","UHUF",5
"1328","SMC01772","NATLow","csci","UHMF",2
"1329","SMC01772","NATMed","asci","UHUF",1
"1330","SMC01772","NATMed","asci","UHMF",6
"1331","SMC01772","NATMed","csci","UHUF",3
"1332","SMC01772","NATMed","csci","UHMF",3
"1333","SMC01772","NATMed","csci","UHLF",1
"1334","SMC01912","HB","asci","UHUF",1
"1335","SMC01912","HB","asci","UHMF",5
"1336","SMC01912","HB","csci","UHUF",6
"1337","SMC01912","NATHigh","asci","UHUF",1
"1338","SMC01912","NATHigh","asci","UHMF",5
"1339","SMC01912","NATHigh","csci","UHMF",6
"1340","SMC01912","NATLow","asci","UHUF",1
"1341","SMC01912","NATLow","asci","UHMF",5
"1342","SMC01912","NATLow","csci","UHUF",5
"1343","SMC01912","NATLow","csci","UHMF",1
"1344","SMC01912","NATMed","asci","UHUF",1
"1345","SMC01912","NATMed","asci","UHMF",5
"1346","SMC01912","NATMed","csci","UHUF",3
"1347","SMC01912","NATMed","csci","UHMF",3
"1348","SMC01934","NATHigh","asci","UHUF",1
"1349","SMC01934","NATHigh","asci","UHMF",4
"1350","SMC01934","NATHigh","csci","UHMF",5
"1351","SMC01934","NATLow","asci","UHUF",1
"1352","SMC01934","NATLow","asci","UHMF",4
"1353","SMC01934","NATLow","csci","UHUF",4
"1354","SMC01934","NATLow","csci","UHMF",1
"1355","SMC01934","NATMed","asci","UHUF",1
"1356","SMC01934","NATMed","asci","UHMF",4
"1357","SMC01934","NATMed","csci","UHUF",5
"1358","SMC01934","SB2","asci","UHUF",1
"1359","SMC01934","SB2","asci","UHMF",4
"1360","SMC01934","SB2","csci","UHUF",5
"1361","SMC01990","NATHigh","asci","UHUF",1
"1362","SMC01990","NATHigh","asci","UHMF",4
"1363","SMC01990","NATHigh","csci","UHMF",5
"1364","SMC01990","NATLow","asci","UHUF",1
"1365","SMC01990","NATLow","asci","UHMF",4
"1366","SMC01990","NATLow","csci","HUF",4
"1367","SMC01990","NATLow","csci","HMF",1
"1368","SMC01990","NATMed","asci","UHUF",1
"1369","SMC01990","NATMed","asci","UHMF",4
"1370","SMC01990","NATMed","csci","UHUF",4
"1371","SMC01990","NATMed","csci","UHMF",1
"1372","SMC01990","SB0","asci","UHUF",2
"1373","SMC01990","SB0","asci","UHMF",3
"1374","SMC01990","SB0","csci","UHUF",5
"1375","SMC02152","NAT","csci","UHUF",7
"1376","SMC02152","NAT","csci","UHMF",2
"1377","SMC02152","NATHigh","csci","UHMF",9
"1378","SMC02152","NATLow","csci","UHUF",8
"1379","SMC02152","NATLow","csci","UHMF",1
"1380","SMC02152","NATMed","csci","UHUF",7
"1381","SMC02152","NATMed","csci","UHMF",2
"1382","SMC02206","NATHigh","asci","UHUF",1
"1383","SMC02206","NATHigh","asci","UHMF",7
"1384","SMC02206","NATHigh","csci","UHMF",8
"1385","SMC02206","NATLow","asci","UHUF",3
"1386","SMC02206","NATLow","asci","UHMF",5
"1387","SMC02206","NATLow","csci","UHUF",7
"1388","SMC02206","NATLow","csci","UHMF",1
"1389","SMC02206","NATMed","asci","UHUF",1
"1390","SMC02206","NATMed","asci","UHMF",7
"1391","SMC02206","NATMed","csci","UHUF",8
"1392","SMC02206","SB2","asci","UHUF",3
"1393","SMC02206","SB2","asci","UHMF",5
"1394","SMC02206","SB2","csci","UHUF",8
"1395","SMC02228","HB","asci","UHUF",1
"1396","SMC02228","HB","asci","UHMF",6
"1397","SMC02228","HB","asci","UHLF",2
"1398","SMC02228","HB","csci","HUF",5
"1399","SMC02228","HB","csci","HMF",4
"1400","SMC02228","NATHigh","asci","UHUF",1
"1401","SMC02228","NATHigh","asci","UHMF",4
"1402","SMC02228","NATHigh","asci","UHLF",4
"1403","SMC02228","NATHigh","csci","UHMF",7
"1404","SMC02228","NATHigh","csci","UHLF",2
"1405","SMC02228","NATLow","asci","UHUF",1
"1406","SMC02228","NATLow","asci","UHMF",8
"1407","SMC02228","NATLow","csci","HUF",4
"1408","SMC02228","NATLow","csci","HMF",5
"1409","SMC02228","NATMed","asci","UHUF",1
"1410","SMC02228","NATMed","asci","UHMF",6
"1411","SMC02228","NATMed","asci","UHLF",2
"1412","SMC02228","NATMed","csci","UHUF",3
"1413","SMC02228","NATMed","csci","UHMF",5
"1414","SMC02228","NATMed","csci","UHLF",1
"1415","SMC02270","HB","asci","UHUF",1
"1416","SMC02270","HB","asci","UHMF",6
"1417","SMC02270","HB","csci","UHUF",7
"1418","SMC02270","NATHigh","asci","UHUF",1
"1419","SMC02270","NATHigh","asci","UHMF",6
"1420","SMC02270","NATHigh","csci","UHMF",7
"1421","SMC02270","NATLow","asci","UHUF",1
"1422","SMC02270","NATLow","asci","UHMF",6
"1423","SMC02270","NATLow","csci","HUF",6
"1424","SMC02270","NATLow","csci","HMF",1
"1425","SMC02270","NATMed","asci","UHUF",1
"1426","SMC02270","NATMed","asci","UHMF",6
"1427","SMC02270","NATMed","csci","UHUF",7
"1428","SMC02536","HB","asci","UHUF",1
"1429","SMC02536","HB","asci","UHMF",5
"1430","SMC02536","HB","csci","UHUF",6
"1431","SMC02536","NATHigh","asci","UHUF",1
"1432","SMC02536","NATHigh","asci","UHMF",5
"1433","SMC02536","NATHigh","csci","UHMF",6
"1434","SMC02536","NATLow","asci","HUF",2
"1435","SMC02536","NATLow","asci","HMF",4
"1436","SMC02536","NATLow","csci","UHUF",5
"1437","SMC02536","NATLow","csci","UHMF",1
"1438","SMC02536","NATMed","asci","UHUF",1
"1439","SMC02536","NATMed","asci","UHMF",5
"1440","SMC02536","NATMed","csci","UHUF",6
"1441","SMC02563","NATHigh","asci","UHUF",1
"1442","SMC02563","NATHigh","asci","UHMF",5
"1443","SMC02563","NATHigh","csci","UHMF",6
"1444","SMC02563","NATLow","asci","UHUF",1
"1445","SMC02563","NATLow","asci","UHMF",5
"1446","SMC02563","NATLow","csci","UHUF",5
"1447","SMC02563","NATLow","csci","UHMF",1
"1448","SMC02563","NATMed","asci","UHUF",1
"1449","SMC02563","NATMed","asci","UHMF",5
"1450","SMC02563","NATMed","csci","UHUF",6
"1451","SMC02563","SB2","asci","UHUF",1
"1452","SMC02563","SB2","asci","UHMF",5
"1453","SMC02563","SB2","csci","UHUF",6
"1454","SMC02591","NAT","asci","HUF",1
"1455","SMC02591","NAT","asci","HMF",6
"1456","SMC02591","NAT","csci","HUF",7
"1457","SMC02591","NATHigh","asci","UHUF",1
"1458","SMC02591","NATHigh","asci","UHMF",6
"1459","SMC02591","NATHigh","csci","HMF",7
"1460","SMC02591","NATLow","asci","HUF",2
"1461","SMC02591","NATLow","asci","HMF",5
"1462","SMC02591","NATLow","csci","HUF",6
"1463","SMC02591","NATLow","csci","HMF",1
"1464","SMC02591","NATMed","asci","HUF",1
"1465","SMC02591","NATMed","asci","HMF",6
"1466","SMC02591","NATMed","csci","HUF",7
"1467","SMC02712","NAT","asci","UHUF",1
"1468","SMC02712","NAT","asci","UHMF",7
"1469","SMC02712","NAT","csci","HUF",8
"1470","SMC02712","NATHigh","asci","UHUF",1
"1471","SMC02712","NATHigh","asci","UHMF",7
"1472","SMC02712","NATHigh","csci","HMF",8
"1473","SMC02712","NATLow","asci","UHUF",4
"1474","SMC02712","NATLow","asci","UHMF",4
"1475","SMC02712","NATLow","csci","HUF",7
"1476","SMC02712","NATLow","csci","HMF",1
"1477","SMC02712","NATMed","asci","UHUF",1
"1478","SMC02712","NATMed","asci","UHMF",7
"1479","SMC02712","NATMed","csci","HUF",8
"1480","SMC03110","NAT","asci","UHUF",1
"1481","SMC03110","NAT","asci","UHMF",8
"1482","SMC03110","NAT","csci","UHUF",6
"1483","SMC03110","NAT","csci","UHMF",3
"1484","SMC03110","NATHigh","asci","UHUF",1
"1485","SMC03110","NATHigh","asci","UHMF",6
"1486","SMC03110","NATHigh","asci","UHLF",2
"1487","SMC03110","NATHigh","csci","UHMF",9
"1488","SMC03110","NATLow","asci","UHUF",2
"1489","SMC03110","NATLow","asci","UHMF",7
"1490","SMC03110","NATLow","csci","HUF",8
"1491","SMC03110","NATLow","csci","HMF",1
"1492","SMC03110","NATMed","asci","UHUF",1
"1493","SMC03110","NATMed","asci","UHMF",8
"1494","SMC03110","NATMed","csci","UHUF",6
"1495","SMC03110","NATMed","csci","UHMF",3
"1496","SMC03280","NAT","asci","HUF",1
"1497","SMC03280","NAT","asci","HMF",8
"1498","SMC03280","NAT","csci","HUF",9
"1499","SMC03280","NATHigh","asci","HUF",1
"1500","SMC03280","NATHigh","asci","HMF",8
"1501","SMC03280","NATHigh","csci","HMF",9
"1502","SMC03280","NATLow","asci","HUF",4
"1503","SMC03280","NATLow","asci","HMF",5
"1504","SMC03280","NATLow","csci","HUF",8
"1505","SMC03280","NATLow","csci","HMF",1
"1506","SMC03280","NATMed","asci","HUF",1
"1507","SMC03280","NATMed","asci","HMF",8
"1508","SMC03280","NATMed","csci","HUF",9
"1509","SMC03929","NAT","asci","UHUF",1
"1510","SMC03929","NAT","asci","UHMF",7
"1511","SMC03929","NAT","csci","HUF",8
"1512","SMC03929","NATHigh","asci","UHUF",1
"1513","SMC03929","NATHigh","asci","UHMF",7
"1514","SMC03929","NATHigh","csci","UHMF",8
"1515","SMC03929","NATLow","asci","UHUF",2
"1516","SMC03929","NATLow","asci","UHMF",6
"1517","SMC03929","NATLow","csci","HUF",7
"1518","SMC03929","NATLow","csci","HMF",1
"1519","SMC03929","NATMed","asci","UHUF",1
"1520","SMC03929","NATMed","asci","UHMF",7
"1521","SMC03929","NATMed","csci","HUF",8
"1522","SMC03984","NATHigh","asci","UHUF",1
"1523","SMC03984","NATHigh","asci","UHMF",8
"1524","SMC03984","NATHigh","csci","HMF",9
"1525","SMC03984","NATLow","asci","UHUF",4
"1526","SMC03984","NATLow","asci","UHMF",5
"1527","SMC03984","NATLow","csci","HUF",8
"1528","SMC03984","NATLow","csci","HMF",1
"1529","SMC03984","NATMed","asci","UHUF",1
"1530","SMC03984","NATMed","asci","UHMF",8
"1531","SMC03984","NATMed","csci","HUF",9
"1532","SMC04008","NATHigh","asci","UHUF",1
"1533","SMC04008","NATHigh","asci","UHMF",8
"1534","SMC04008","NATHigh","csci","UHMF",9
"1535","SMC04008","NATLow","asci","UHUF",3
"1536","SMC04008","NATLow","asci","UHMF",6
"1537","SMC04008","NATLow","csci","HUF",8
"1538","SMC04008","NATLow","csci","HMF",1
"1539","SMC04008","NATMed","asci","UHUF",1
"1540","SMC04008","NATMed","asci","UHMF",8
"1541","SMC04008","NATMed","csci","HUF",8
"1542","SMC04008","NATMed","csci","HMF",1
"1543","SMC04175","NAT","asci","UHUF",1
"1544","SMC04175","NAT","asci","UHMF",8
"1545","SMC04175","NAT","csci","HUF",9
"1546","SMC04175","NATHigh","asci","UHUF",1
"1547","SMC04175","NATHigh","asci","UHMF",8
"1548","SMC04175","NATHigh","csci","UHMF",9
"1549","SMC04175","NATLow","asci","HUF",4
"1550","SMC04175","NATLow","asci","HMF",5
"1551","SMC04175","NATLow","csci","HUF",8
"1552","SMC04175","NATLow","csci","HMF",1
"1553","SMC04175","NATMed","asci","UHUF",1
"1554","SMC04175","NATMed","asci","UHMF",8
"1555","SMC04175","NATMed","csci","HUF",9
"1556","SMC04239","NAT","asci","HUF",1
"1557","SMC04239","NAT","asci","HMF",8
"1558","SMC04239","NAT","csci","HUF",7
"1559","SMC04239","NAT","csci","HMF",2
"1560","SMC04239","NATHigh","asci","HUF",1
"1561","SMC04239","NATHigh","asci","HMF",8
"1562","SMC04239","NATHigh","csci","UHMF",9
"1563","SMC04239","NATLow","asci","HUF",3
"1564","SMC04239","NATLow","asci","HMF",6
"1565","SMC04239","NATLow","csci","HUF",8
"1566","SMC04239","NATLow","csci","HMF",1
"1567","SMC04239","NATMed","asci","HUF",1
"1568","SMC04239","NATMed","asci","HMF",8
"1569","SMC04239","NATMed","csci","HUF",7
"1570","SMC04239","NATMed","csci","HMF",2
"1571","SMC04264","NAT","csci","UHUF",6
"1572","SMC04264","NAT","csci","UHMF",2
"1573","SMC04264","NATHigh","csci","UHMF",8
"1574","SMC04264","NATLow","csci","UHUF",7
"1575","SMC04264","NATLow","csci","UHMF",1
"1576","SMC04264","NATMed","csci","UHUF",6
"1577","SMC04264","NATMed","csci","UHMF",2
"1578","SMC04294","NAT","asci","UHUF",1
"1579","SMC04294","NAT","asci","UHMF",6
"1580","SMC04294","NAT","csci","HUF",7
"1581","SMC04294","NATHigh","asci","UHUF",1
"1582","SMC04294","NATHigh","asci","UHMF",6
"1583","SMC04294","NATHigh","csci","UHMF",7
"1584","SMC04294","NATLow","asci","UHUF",3
"1585","SMC04294","NATLow","asci","UHMF",4
"1586","SMC04294","NATLow","csci","HUF",6
"1587","SMC04294","NATLow","csci","HMF",1
"1588","SMC04294","NATMed","asci","UHUF",1
"1589","SMC04294","NATMed","asci","UHMF",6
"1590","SMC04294","NATMed","csci","HUF",7
"1591","SMC04383","NAT","asci","UHUF",1
"1592","SMC04383","NAT","asci","UHMF",6
"1593","SMC04383","NAT","csci","HUF",7
"1594","SMC04383","NATHigh","asci","UHUF",1
"1595","SMC04383","NATHigh","asci","UHMF",6
"1596","SMC04383","NATHigh","csci","UHMF",7
"1597","SMC04383","NATLow","asci","HUF",2
"1598","SMC04383","NATLow","asci","HMF",5
"1599","SMC04383","NATLow","csci","HUF",6
"1600","SMC04383","NATLow","csci","HMF",1
"1601","SMC04383","NATMed","asci","UHUF",1
"1602","SMC04383","NATMed","asci","UHMF",6
"1603","SMC04383","NATMed","csci","HUF",7
"1604","SMC04399","NAT","asci","UHUF",1
"1605","SMC04399","NAT","asci","UHMF",7
"1606","SMC04399","NAT","asci","UHLF",1
"1607","SMC04399","NAT","csci","UHUF",5
"1608","SMC04399","NAT","csci","UHMF",4
"1609","SMC04399","NATHigh","asci","UHUF",1
"1610","SMC04399","NATHigh","asci","UHMF",7
"1611","SMC04399","NATHigh","asci","UHLF",1
"1612","SMC04399","NATHigh","csci","UHMF",8
"1613","SMC04399","NATHigh","csci","UHLF",1
"1614","SMC04399","NATLow","asci","UHUF",2
"1615","SMC04399","NATLow","asci","UHMF",7
"1616","SMC04399","NATLow","csci","HUF",8
"1617","SMC04399","NATLow","csci","HMF",1
"1618","SMC04399","NATMed","asci","UHUF",1
"1619","SMC04399","NATMed","asci","UHMF",7
"1620","SMC04399","NATMed","asci","UHLF",1
"1621","SMC04399","NATMed","csci","UHUF",5
"1622","SMC04399","NATMed","csci","UHMF",4
"1623","SMC04682","NAT","asci","UHUF",1
"1624","SMC04682","NAT","asci","UHMF",8
"1625","SMC04682","NAT","csci","HUF",9
"1626","SMC04682","NATHigh","asci","UHUF",1
"1627","SMC04682","NATHigh","asci","UHMF",8
"1628","SMC04682","NATHigh","csci","HMF",9
"1629","SMC04682","NATLow","asci","HUF",3
"1630","SMC04682","NATLow","asci","HMF",6
"1631","SMC04682","NATLow","csci","HUF",8
"1632","SMC04682","NATLow","csci","HMF",1
"1633","SMC04682","NATMed","asci","UHUF",1
"1634","SMC04682","NATMed","asci","UHMF",8
"1635","SMC04682","NATMed","csci","HUF",9
"1636","SMC04748","NAT","csci","UHUF",4
"1637","SMC04748","NAT","csci","UHMF",4
"1638","SMC04748","NAT","csci","UHLF",1
"1639","SMC04748","NATHigh","csci","UHMF",8
"1640","SMC04748","NATHigh","csci","UHLF",1
"1641","SMC04748","NATLow","csci","HUF",6
"1642","SMC04748","NATLow","csci","HMF",3
"1643","SMC04748","NATMed","csci","UHUF",4
"1644","SMC04748","NATMed","csci","UHMF",4
"1645","SMC04748","NATMed","csci","UHLF",1
"1646","SMC04756","NATHigh","asci","UHUF",1
"1647","SMC04756","NATHigh","asci","UHMF",8
"1648","SMC04756","NATHigh","csci","UHMF",9
"1649","SMC04756","NATLow","asci","UHUF",3
"1650","SMC04756","NATLow","asci","UHMF",6
"1651","SMC04756","NATLow","csci","HUF",8
"1652","SMC04756","NATLow","csci","HMF",1
"1653","SMC04756","NATMed","asci","UHUF",1
"1654","SMC04756","NATMed","asci","UHMF",8
"1655","SMC04756","NATMed","csci","UHUF",8
"1656","SMC04756","NATMed","csci","UHMF",1
"1657","SMC04756","SB0","asci","UHUF",2
"1658","SMC04756","SB0","asci","UHMF",7
"1659","SMC04756","SB0","csci","UHUF",8
"1660","SMC04756","SB0","csci","UHMF",1
"1661","SMC04880","NAT","asci","UHUF",1
"1662","SMC04880","NAT","asci","UHMF",8
"1663","SMC04880","NAT","csci","HUF",9
"1664","SMC04880","NATHigh","asci","UHUF",1
"1665","SMC04880","NATHigh","asci","UHMF",8
"1666","SMC04880","NATHigh","csci","HMF",9
"1667","SMC04880","NATLow","asci","HUF",4
"1668","SMC04880","NATLow","asci","HMF",5
"1669","SMC04880","NATLow","csci","HUF",8
"1670","SMC04880","NATLow","csci","HMF",1
"1671","SMC04880","NATMed","asci","UHUF",1
"1672","SMC04880","NATMed","asci","UHMF",8
"1673","SMC04880","NATMed","csci","HUF",9
"1674","SMC05230","NATHigh","asci","UHMF",1
"1675","SMC05230","NATHigh","asci","UHLF",7
"1676","SMC05230","NATHigh","asci",NA,1
"1677","SMC05230","NATHigh","csci","UHMF",2
"1678","SMC05230","NATHigh","csci","UHLF",7
"1679","SMC05230","NATLow","asci","UHUF",1
"1680","SMC05230","NATLow","asci","UHMF",2
"1681","SMC05230","NATLow","asci","UHLF",6
"1682","SMC05230","NATLow","csci","HMF",9
"1683","SMC05230","NATMed","asci","UHMF",1
"1684","SMC05230","NATMed","asci","UHLF",7
"1685","SMC05230","NATMed","asci",NA,1
"1686","SMC05230","NATMed","csci","UHMF",4
"1687","SMC05230","NATMed","csci","UHLF",5
"1688","SMC05230","SB2","asci","UHUF",1
"1689","SMC05230","SB2","asci","UHMF",2
"1690","SMC05230","SB2","asci","UHLF",6
"1691","SMC05230","SB2","csci","UHMF",6
"1692","SMC05230","SB2","csci","UHLF",3
"1693","SMC05296","NAT","asci","HUF",1
"1694","SMC05296","NAT","asci","HMF",7
"1695","SMC05296","NAT","csci","HUF",5
"1696","SMC05296","NAT","csci","HMF",3
"1697","SMC05296","NATHigh","asci","HUF",1
"1698","SMC05296","NATHigh","asci","HMF",7
"1699","SMC05296","NATHigh","csci","HMF",8
"1700","SMC05296","NATLow","asci","HUF",2
"1701","SMC05296","NATLow","asci","HMF",6
"1702","SMC05296","NATLow","csci","HUF",7
"1703","SMC05296","NATLow","csci","HMF",1
"1704","SMC05296","NATMed","asci","HUF",1
"1705","SMC05296","NATMed","asci","HMF",7
"1706","SMC05296","NATMed","csci","HUF",5
"1707","SMC05296","NATMed","csci","HMF",3
"1708","SMC05702","NAT","asci","HUF",1
"1709","SMC05702","NAT","asci","HMF",5
"1710","SMC05702","NAT","csci","UHUF",3
"1711","SMC05702","NAT","csci","UHMF",3
"1712","SMC05702","NATHigh","asci","UHUF",1
"1713","SMC05702","NATHigh","asci","UHMF",5
"1714","SMC05702","NATHigh","csci","UHMF",5
"1715","SMC05702","NATHigh","csci","UHLF",1
"1716","SMC05702","NATLow","asci","HUF",2
"1717","SMC05702","NATLow","asci","HMF",4
"1718","SMC05702","NATLow","csci","UHUF",5
"1719","SMC05702","NATLow","csci","UHMF",1
"1720","SMC05702","NATMed","asci","HUF",1
"1721","SMC05702","NATMed","asci","HMF",5
"1722","SMC05702","NATMed","csci","UHUF",3
"1723","SMC05702","NATMed","csci","UHMF",3
"1724","SMC05902","HB","csci","UHUF",8
"1725","SMC05902","NATHigh","csci","UHMF",8
"1726","SMC05902","NATLow","csci","UHUF",7
"1727","SMC05902","NATLow","csci","UHMF",1
"1728","SMC05902","NATMed","csci","UHUF",8
"1729","SMC06216","NAT","asci","UHUF",1
"1730","SMC06216","NAT","asci","UHMF",8
"1731","SMC06216","NAT","csci","HUF",9
"1732","SMC06216","NATHigh","asci","UHUF",1
"1733","SMC06216","NATHigh","asci","UHMF",8
"1734","SMC06216","NATHigh","csci","HMF",9
"1735","SMC06216","NATLow","asci","UHUF",4
"1736","SMC06216","NATLow","asci","UHMF",5
"1737","SMC06216","NATLow","csci","HUF",8
"1738","SMC06216","NATLow","csci","HMF",1
"1739","SMC06216","NATMed","asci","UHUF",1
"1740","SMC06216","NATMed","asci","UHMF",8
"1741","SMC06216","NATMed","csci","HUF",9
"1742","SMC06302","NATHigh","asci","UHUF",1
"1743","SMC06302","NATHigh","asci","UHMF",7
"1744","SMC06302","NATHigh","csci","UHMF",8
"1745","SMC06302","NATLow","asci","UHUF",3
"1746","SMC06302","NATLow","asci","UHMF",5
"1747","SMC06302","NATLow","csci","UHUF",7
"1748","SMC06302","NATLow","csci","UHMF",1
"1749","SMC06302","NATMed","asci","UHUF",1
"1750","SMC06302","NATMed","asci","UHMF",7
"1751","SMC06302","NATMed","csci","UHUF",8
"1752","SMC06302","SB2","asci","UHUF",3
"1753","SMC06302","SB2","asci","UHMF",5
"1754","SMC06302","SB2","csci","UHUF",8
"1755","SMC06740","HB","asci","UHUF",1
"1756","SMC06740","HB","asci","UHMF",5
"1757","SMC06740","HB","csci","UHUF",5
"1758","SMC06740","HB","csci","UHMF",1
"1759","SMC06740","NATHigh","asci","UHUF",1
"1760","SMC06740","NATHigh","asci","UHMF",5
"1761","SMC06740","NATHigh","csci","UHMF",5
"1762","SMC06740","NATHigh","csci","UHLF",1
"1763","SMC06740","NATLow","asci","UHUF",1
"1764","SMC06740","NATLow","asci","UHMF",5
"1765","SMC06740","NATLow","csci","UHUF",4
"1766","SMC06740","NATLow","csci","UHMF",2
"1767","SMC06740","NATMed","asci","UHUF",1
"1768","SMC06740","NATMed","asci","UHMF",5
"1769","SMC06740","NATMed","csci","UHUF",4
"1770","SMC06740","NATMed","csci","UHMF",2
"1771","SMC06863","NAT","asci","HUF",1
"1772","SMC06863","NAT","asci","HMF",6
"1773","SMC06863","NAT","csci","HUF",7
"1774","SMC06863","NATHigh","asci","UHUF",1
"1775","SMC06863","NATHigh","asci","UHMF",6
"1776","SMC06863","NATHigh","csci","HMF",7
"1777","SMC06863","NATLow","asci","HUF",2
"1778","SMC06863","NATLow","asci","HMF",5
"1779","SMC06863","NATLow","csci","HUF",6
"1780","SMC06863","NATLow","csci","HMF",1
"1781","SMC06863","NATMed","asci","HUF",1
"1782","SMC06863","NATMed","asci","HMF",6
"1783","SMC06863","NATMed","csci","HUF",7
"1784","SMC07126","NAT","asci","UHUF",1
"1785","SMC07126","NAT","asci","UHMF",8
"1786","SMC07126","NAT","csci","UHUF",6
"1787","SMC07126","NAT","csci","UHMF",3
"1788","SMC07126","NATHigh","asci","UHUF",1
"1789","SMC07126","NATHigh","asci","UHMF",6
"1790","SMC07126","NATHigh","asci","UHLF",2
"1791","SMC07126","NATHigh","csci","UHMF",9
"1792","SMC07126","NATLow","asci","UHUF",2
"1793","SMC07126","NATLow","asci","UHMF",7
"1794","SMC07126","NATLow","csci","UHUF",7
"1795","SMC07126","NATLow","csci","UHMF",2
"1796","SMC07126","NATMed","asci","UHUF",1
"1797","SMC07126","NATMed","asci","UHMF",8
"1798","SMC07126","NATMed","csci","UHUF",6
"1799","SMC07126","NATMed","csci","UHMF",3
"1800","SMC08094","NATHigh","asci","UHMF",1
"1801","SMC08094","NATHigh","asci","UHLF",7
"1802","SMC08094","NATHigh","asci",NA,1
"1803","SMC08094","NATHigh","csci","UHMF",2
"1804","SMC08094","NATHigh","csci","UHLF",7
"1805","SMC08094","NATLow","asci","UHUF",1
"1806","SMC08094","NATLow","asci","UHMF",2
"1807","SMC08094","NATLow","asci","UHLF",6
"1808","SMC08094","NATLow","csci","UHMF",8
"1809","SMC08094","NATLow","csci","UHLF",1
"1810","SMC08094","NATMed","asci","UHMF",1
"1811","SMC08094","NATMed","asci","UHLF",7
"1812","SMC08094","NATMed","asci",NA,1
"1813","SMC08094","NATMed","csci","UHMF",4
"1814","SMC08094","NATMed","csci","UHLF",5
"1815","SMC08094","SB2","asci","UHUF",1
"1816","SMC08094","SB2","asci","UHMF",2
"1817","SMC08094","SB2","asci","UHLF",6
"1818","SMC08094","SB2","csci","UHMF",5
"1819","SMC08094","SB2","csci","UHLF",4
"1820","SMC08150","NAT","asci","UHUF",1
"1821","SMC08150","NAT","asci","UHMF",6
"1822","SMC08150","NAT","csci","UHUF",6
"1823","SMC08150","NAT","csci","UHMF",1
"1824","SMC08150","NATHigh","asci","UHUF",1
"1825","SMC08150","NATHigh","asci","UHMF",6
"1826","SMC08150","NATHigh","csci","UHMF",7
"1827","SMC08150","NATLow","asci","UHUF",2
"1828","SMC08150","NATLow","asci","UHMF",5
"1829","SMC08150","NATLow","csci","HUF",6
"1830","SMC08150","NATLow","csci","HMF",1
"1831","SMC08150","NATMed","asci","UHUF",1
"1832","SMC08150","NATMed","asci","UHMF",6
"1833","SMC08150","NATMed","csci","UHUF",6
"1834","SMC08150","NATMed","csci","UHMF",1
"1835","SMC08335","NAT","asci","HUF",1
"1836","SMC08335","NAT","asci","HMF",6
"1837","SMC08335","NAT","asci","HLF",1
"1838","SMC08335","NAT","csci","HUF",6
"1839","SMC08335","NAT","csci","HMF",2
"1840","SMC08335","NATHigh","asci","UHUF",1
"1841","SMC08335","NATHigh","asci","UHMF",6
"1842","SMC08335","NATHigh","asci","UHLF",1
"1843","SMC08335","NATHigh","csci","UHMF",7
"1844","SMC08335","NATHigh","csci","UHLF",1
"1845","SMC08335","NATLow","asci","HUF",2
"1846","SMC08335","NATLow","asci","HMF",6
"1847","SMC08335","NATLow","csci","HUF",7
"1848","SMC08335","NATLow","csci","HMF",1
"1849","SMC08335","NATMed","asci","HUF",1
"1850","SMC08335","NATMed","asci","HMF",6
"1851","SMC08335","NATMed","asci","HLF",1
"1852","SMC08335","NATMed","csci","HUF",6
"1853","SMC08335","NATMed","csci","HMF",2
"1854","SMC08655","NATHigh","asci","UHUF",1
"1855","SMC08655","NATHigh","asci","UHMF",6
"1856","SMC08655","NATHigh","csci","HMF",7
"1857","SMC08655","NATLow","asci","HUF",2
"1858","SMC08655","NATLow","asci","HMF",5
"1859","SMC08655","NATLow","csci","HUF",6
"1860","SMC08655","NATLow","csci","HMF",1
"1861","SMC08655","NATMed","asci","HUF",1
"1862","SMC08655","NATMed","asci","HMF",6
"1863","SMC08655","NATMed","csci","HUF",7
"1864","SMC08766","HB","asci","UHUF",1
"1865","SMC08766","HB","asci","UHMF",7
"1866","SMC08766","HB","asci","UHLF",1
"1867","SMC08766","HB","csci","UHUF",5
"1868","SMC08766","HB","csci","UHMF",3
"1869","SMC08766","HB","csci","UHLF",1
"1870","SMC08766","NATHigh","asci","UHUF",1
"1871","SMC08766","NATHigh","asci","UHMF",4
"1872","SMC08766","NATHigh","asci","UHLF",4
"1873","SMC08766","NATHigh","csci","UHMF",6
"1874","SMC08766","NATHigh","csci","UHLF",3
"1875","SMC08766","NATLow","asci","UHUF",2
"1876","SMC08766","NATLow","asci","UHMF",7
"1877","SMC08766","NATLow","csci","UHUF",5
"1878","SMC08766","NATLow","csci","UHMF",3
"1879","SMC08766","NATLow","csci","UHLF",1
"1880","SMC08766","NATMed","asci","UHUF",1
"1881","SMC08766","NATMed","asci","UHMF",7
"1882","SMC08766","NATMed","asci","UHLF",1
"1883","SMC08766","NATMed","csci","UHUF",3
"1884","SMC08766","NATMed","csci","UHMF",4
"1885","SMC08766","NATMed","csci","UHLF",2
"1886","SMC09118","NATHigh","asci","UHMF",1
"1887","SMC09118","NATHigh","asci","UHLF",7
"1888","SMC09118","NATHigh","asci",NA,1
"1889","SMC09118","NATHigh","csci","UHMF",2
"1890","SMC09118","NATHigh","csci","UHLF",7
"1891","SMC09118","NATLow","asci","UHUF",1
"1892","SMC09118","NATLow","asci","UHMF",2
"1893","SMC09118","NATLow","asci","UHLF",6
"1894","SMC09118","NATLow","csci","UHMF",8
"1895","SMC09118","NATLow","csci","UHLF",1
"1896","SMC09118","NATMed","asci","UHMF",1
"1897","SMC09118","NATMed","asci","UHLF",7
"1898","SMC09118","NATMed","asci",NA,1
"1899","SMC09118","NATMed","csci","UHMF",4
"1900","SMC09118","NATMed","csci","UHLF",5
"1901","SMC09118","SB2","asci","UHUF",1
"1902","SMC09118","SB2","asci","UHMF",2
"1903","SMC09118","SB2","asci","UHLF",6
"1904","SMC09118","SB2","csci","UHMF",5
"1905","SMC09118","SB2","csci","UHLF",4
"1906","SMC09534","HB","asci","UHUF",1
"1907","SMC09534","HB","asci","UHMF",7
"1908","SMC09534","HB","asci","UHLF",1
"1909","SMC09534","HB","csci","UHUF",5
"1910","SMC09534","HB","csci","UHMF",3
"1911","SMC09534","HB","csci","UHLF",1
"1912","SMC09534","NATHigh","asci","UHUF",1
"1913","SMC09534","NATHigh","asci","UHMF",4
"1914","SMC09534","NATHigh","asci","UHLF",4
"1915","SMC09534","NATHigh","csci","UHMF",6
"1916","SMC09534","NATHigh","csci","UHLF",3
"1917","SMC09534","NATLow","asci","UHUF",2
"1918","SMC09534","NATLow","asci","UHMF",7
"1919","SMC09534","NATLow","csci","UHUF",5
"1920","SMC09534","NATLow","csci","UHMF",3
"1921","SMC09534","NATLow","csci","UHLF",1
"1922","SMC09534","NATMed","asci","UHUF",1
"1923","SMC09534","NATMed","asci","UHMF",7
"1924","SMC09534","NATMed","asci","UHLF",1
"1925","SMC09534","NATMed","csci","UHUF",3
"1926","SMC09534","NATMed","csci","UHMF",4
"1927","SMC09534","NATMed","csci","UHLF",2
"1928","SMC09564","NATHigh","csci","UHMF",9
"1929","SMC09564","NATLow","csci","UHUF",8
"1930","SMC09564","NATLow","csci","UHMF",1
"1931","SMC09564","NATMed","csci","UHUF",5
"1932","SMC09564","NATMed","csci","UHMF",4
"1933","SMC09564","SB0","csci","UHUF",5
"1934","SMC09564","SB0","csci","UHMF",4
"1935","SMC11727","NAT","asci","HUF",1
"1936","SMC11727","NAT","asci","HMF",6
"1937","SMC11727","NAT","csci","HUF",7
"1938","SMC11727","NATHigh","asci","UHUF",1
"1939","SMC11727","NATHigh","asci","UHMF",6
"1940","SMC11727","NATHigh","csci","HMF",7
"1941","SMC11727","NATLow","asci","HUF",2
"1942","SMC11727","NATLow","asci","HMF",5
"1943","SMC11727","NATLow","csci","HUF",6
"1944","SMC11727","NATLow","csci","HMF",1
"1945","SMC11727","NATMed","asci","HUF",1
"1946","SMC11727","NATMed","asci","HMF",6
"1947","SMC11727","NATMed","csci","HUF",7
"1948","SMC12862","HB","asci","UHUF",1
"1949","SMC12862","HB","asci","UHMF",7
"1950","SMC12862","HB","asci","UHLF",1
"1951","SMC12862","HB","csci","UHUF",5
"1952","SMC12862","HB","csci","UHMF",3
"1953","SMC12862","HB","csci","UHLF",1
"1954","SMC12862","NATHigh","asci","UHUF",1
"1955","SMC12862","NATHigh","asci","UHMF",4
"1956","SMC12862","NATHigh","asci","UHLF",4
"1957","SMC12862","NATHigh","csci","UHMF",6
"1958","SMC12862","NATHigh","csci","UHLF",3
"1959","SMC12862","NATLow","asci","UHUF",2
"1960","SMC12862","NATLow","asci","UHMF",7
"1961","SMC12862","NATLow","csci","UHUF",5
"1962","SMC12862","NATLow","csci","UHMF",3
"1963","SMC12862","NATLow","csci","UHLF",1
"1964","SMC12862","NATMed","asci","UHUF",1
"1965","SMC12862","NATMed","asci","UHMF",7
"1966","SMC12862","NATMed","asci","UHLF",1
"1967","SMC12862","NATMed","csci","UHUF",3
"1968","SMC12862","NATMed","csci","UHMF",4
"1969","SMC12862","NATMed","csci","UHLF",2
"1970","SMC13214","NATHigh","asci","UHMF",1
"1971","SMC13214","NATHigh","asci","UHLF",7
"1972","SMC13214","NATHigh","asci",NA,1
"1973","SMC13214","NATHigh","csci","UHMF",2
"1974","SMC13214","NATHigh","csci","UHLF",7
"1975","SMC13214","NATLow","asci","UHUF",1
"1976","SMC13214","NATLow","asci","UHMF",2
"1977","SMC13214","NATLow","asci","UHLF",6
"1978","SMC13214","NATLow","csci","UHMF",8
"1979","SMC13214","NATLow","csci","UHLF",1
"1980","SMC13214","NATMed","asci","UHMF",1
"1981","SMC13214","NATMed","asci","UHLF",7
"1982","SMC13214","NATMed","asci",NA,1
"1983","SMC13214","NATMed","csci","UHMF",4
"1984","SMC13214","NATMed","csci","UHLF",5
"1985","SMC13214","SB2","asci","UHUF",1
"1986","SMC13214","SB2","asci","UHMF",2
"1987","SMC13214","SB2","asci","UHLF",6
"1988","SMC13214","SB2","csci","UHMF",5
"1989","SMC13214","SB2","csci","UHLF",4
"1990","SMC13630","HB","asci","UHUF",1
"1991","SMC13630","HB","asci","UHMF",7
"1992","SMC13630","HB","asci","UHLF",1
"1993","SMC13630","HB","csci","UHUF",5
"1994","SMC13630","HB","csci","UHMF",3
"1995","SMC13630","HB","csci","UHLF",1
"1996","SMC13630","NATHigh","asci","UHUF",1
"1997","SMC13630","NATHigh","asci","UHMF",4
"1998","SMC13630","NATHigh","asci","UHLF",4
"1999","SMC13630","NATHigh","csci","UHMF",6
"2000","SMC13630","NATHigh","csci","UHLF",3
"2001","SMC13630","NATLow","asci","UHUF",2
"2002","SMC13630","NATLow","asci","UHMF",7
"2003","SMC13630","NATLow","csci","UHUF",5
"2004","SMC13630","NATLow","csci","UHMF",3
"2005","SMC13630","NATLow","csci","UHLF",1
"2006","SMC13630","NATMed","asci","UHUF",1
"2007","SMC13630","NATMed","asci","UHMF",7
"2008","SMC13630","NATMed","asci","UHLF",1
"2009","SMC13630","NATMed","csci","UHUF",3
"2010","SMC13630","NATMed","csci","UHMF",4
"2011","SMC13630","NATMed","csci","UHLF",2
"2012","SMC15678","HB","csci","UHUF",5
"2013","SMC15678","HB","csci","UHMF",3
"2014","SMC15678","HB","csci","UHLF",1
"2015","SMC15678","NATHigh","csci","UHMF",6
"2016","SMC15678","NATHigh","csci","UHLF",3
"2017","SMC15678","NATLow","csci","UHUF",5
"2018","SMC15678","NATLow","csci","UHMF",3
"2019","SMC15678","NATLow","csci","UHLF",1
"2020","SMC15678","NATMed","csci","UHUF",3
"2021","SMC15678","NATMed","csci","UHMF",4
"2022","SMC15678","NATMed","csci","UHLF",2
"2023","SMC16266","NAT","asci","UHUF",1
"2024","SMC16266","NAT","asci","UHMF",7
"2025","SMC16266","NAT","csci","HUF",8
"2026","SMC16266","NATHigh","asci","UHUF",1
"2027","SMC16266","NATHigh","asci","UHMF",7
"2028","SMC16266","NATHigh","csci","UHMF",8
"2029","SMC16266","NATLow","asci","HUF",4
"2030","SMC16266","NATLow","asci","HMF",4
"2031","SMC16266","NATLow","csci","HUF",7
"2032","SMC16266","NATLow","csci","HMF",1
"2033","SMC16266","NATMed","asci","UHUF",1
"2034","SMC16266","NATMed","asci","UHMF",7
"2035","SMC16266","NATMed","csci","HUF",8
"2036","SMC16446","NAT","asci","UHUF",1
"2037","SMC16446","NAT","asci","UHMF",8
"2038","SMC16446","NAT","csci","HUF",9
"2039","SMC16446","NATHigh","asci","UHUF",1
"2040","SMC16446","NATHigh","asci","UHMF",8
"2041","SMC16446","NATHigh","csci","UHMF",9
"2042","SMC16446","NATLow","asci","HUF",4
"2043","SMC16446","NATLow","asci","HMF",5
"2044","SMC16446","NATLow","csci","HUF",8
"2045","SMC16446","NATLow","csci","HMF",1
"2046","SMC16446","NATMed","asci","UHUF",1
"2047","SMC16446","NATMed","asci","UHMF",8
"2048","SMC16446","NATMed","csci","HUF",9
"2049","SMC16832","HB","asci","UHUF",1
"2050","SMC16832","HB","asci","UHMF",7
"2051","SMC16832","HB","asci","UHLF",1
"2052","SMC16832","HB","csci","UHUF",5
"2053","SMC16832","HB","csci","UHMF",3
"2054","SMC16832","HB","csci","UHLF",1
"2055","SMC16832","NATHigh","asci","UHUF",1
"2056","SMC16832","NATHigh","asci","UHMF",4
"2057","SMC16832","NATHigh","asci","UHLF",4
"2058","SMC16832","NATHigh","csci","UHMF",6
"2059","SMC16832","NATHigh","csci","UHLF",3
"2060","SMC16832","NATLow","asci","UHUF",2
"2061","SMC16832","NATLow","asci","UHMF",7
"2062","SMC16832","NATLow","csci","UHUF",5
"2063","SMC16832","NATLow","csci","UHMF",3
"2064","SMC16832","NATLow","csci","UHLF",1
"2065","SMC16832","NATMed","asci","UHUF",1
"2066","SMC16832","NATMed","asci","UHMF",7
"2067","SMC16832","NATMed","asci","UHLF",1
"2068","SMC16832","NATMed","csci","UHUF",3
"2069","SMC16832","NATMed","csci","UHMF",4
"2070","SMC16832","NATMed","csci","UHLF",2
"2071","SMC16980","NAT","asci","UHUF",1
"2072","SMC16980","NAT","asci","UHMF",6
"2073","SMC16980","NAT","csci","HUF",7
"2074","SMC16980","NATHigh","asci","UHUF",1
"2075","SMC16980","NATHigh","asci","UHMF",6
"2076","SMC16980","NATHigh","csci","HMF",7
"2077","SMC16980","NATLow","asci","HUF",2
"2078","SMC16980","NATLow","asci","HMF",5
"2079","SMC16980","NATLow","csci","HUF",6
"2080","SMC16980","NATLow","csci","HMF",1
"2081","SMC16980","NATMed","asci","UHUF",1
"2082","SMC16980","NATMed","asci","UHMF",6
"2083","SMC16980","NATMed","csci","HUF",7
"2084","SMC17056","NAT","csci","UHUF",5
"2085","SMC17056","NAT","csci","UHMF",4
"2086","SMC17056","NATHigh","csci","UHMF",9
"2087","SMC17056","NATLow","csci","HUF",8
"2088","SMC17056","NATLow","csci","HMF",1
"2089","SMC17056","NATMed","csci","UHUF",5
"2090","SMC17056","NATMed","csci","UHMF",4
"2091","SMC19697","NAT","asci","UHUF",1
"2092","SMC19697","NAT","asci","UHMF",6
"2093","SMC19697","NAT","asci","UHLF",1
"2094","SMC19697","NAT","csci","HUF",6
"2095","SMC19697","NAT","csci","HMF",2
"2096","SMC19697","NATHigh","asci","UHUF",1
"2097","SMC19697","NATHigh","asci","UHMF",6
"2098","SMC19697","NATHigh","asci","UHLF",1
"2099","SMC19697","NATHigh","csci","UHMF",7
"2100","SMC19697","NATHigh","csci","UHLF",1
"2101","SMC19697","NATLow","asci","UHUF",2
"2102","SMC19697","NATLow","asci","UHMF",6
"2103","SMC19697","NATLow","csci","HUF",7
"2104","SMC19697","NATLow","csci","HMF",1
"2105","SMC19697","NATMed","asci","UHUF",1
"2106","SMC19697","NATMed","asci","UHMF",6
"2107","SMC19697","NATMed","asci","UHLF",1
"2108","SMC19697","NATMed","csci","HUF",6
"2109","SMC19697","NATMed","csci","HMF",2
"2110","SMC19809","NAT","asci","HUF",1
"2111","SMC19809","NAT","asci","HMF",6
"2112","SMC19809","NAT","csci","HUF",7
"2113","SMC19809","NATHigh","asci","HUF",1
"2114","SMC19809","NATHigh","asci","HMF",6
"2115","SMC19809","NATHigh","csci","HMF",7
"2116","SMC19809","NATLow","asci","HUF",2
"2117","SMC19809","NATLow","asci","HMF",5
"2118","SMC19809","NATLow","csci","HUF",6
"2119","SMC19809","NATLow","csci","HMF",1
"2120","SMC19809","NATMed","asci","HUF",1
"2121","SMC19809","NATMed","asci","HMF",6
"2122","SMC19809","NATMed","csci","HUF",7
"2123","SMC19945","NAT","asci","UHUF",1
"2124","SMC19945","NAT","asci","UHMF",6
"2125","SMC19945","NAT","csci","HUF",7
"2126","SMC19945","NATHigh","asci","UHUF",1
"2127","SMC19945","NATHigh","asci","UHMF",6
"2128","SMC19945","NATHigh","csci","HMF",7
"2129","SMC19945","NATLow","asci","HUF",2
"2130","SMC19945","NATLow","asci","HMF",5
"2131","SMC19945","NATLow","csci","HUF",6
"2132","SMC19945","NATLow","csci","HMF",1
"2133","SMC19945","NATMed","asci","UHUF",1
"2134","SMC19945","NATMed","asci","UHMF",6
"2135","SMC19945","NATMed","csci","HUF",7
"2136","SMC20032","HB","asci","UHUF",1
"2137","SMC20032","HB","asci","UHMF",7
"2138","SMC20032","HB","asci","UHLF",1
"2139","SMC20032","HB","csci","UHUF",5
"2140","SMC20032","HB","csci","UHMF",3
"2141","SMC20032","HB","csci","UHLF",1
"2142","SMC20032","NATHigh","asci","UHUF",1
"2143","SMC20032","NATHigh","asci","UHMF",4
"2144","SMC20032","NATHigh","asci","UHLF",4
"2145","SMC20032","NATHigh","csci","UHMF",6
"2146","SMC20032","NATHigh","csci","UHLF",3
"2147","SMC20032","NATLow","asci","UHUF",2
"2148","SMC20032","NATLow","asci","UHMF",7
"2149","SMC20032","NATLow","csci","UHUF",5
"2150","SMC20032","NATLow","csci","UHMF",3
"2151","SMC20032","NATLow","csci","UHLF",1
"2152","SMC20032","NATMed","asci","UHUF",1
"2153","SMC20032","NATMed","asci","UHMF",7
"2154","SMC20032","NATMed","asci","UHLF",1
"2155","SMC20032","NATMed","csci","UHUF",3
"2156","SMC20032","NATMed","csci","UHMF",4
"2157","SMC20032","NATMed","csci","UHLF",2
"2158","SMC20497","NAT","asci","UHUF",1
"2159","SMC20497","NAT","asci","UHMF",7
"2160","SMC20497","NAT","asci","UHLF",1
"2161","SMC20497","NAT","csci","UHUF",5
"2162","SMC20497","NAT","csci","UHMF",4
"2163","SMC20497","NATHigh","asci","UHUF",1
"2164","SMC20497","NATHigh","asci","UHMF",7
"2165","SMC20497","NATHigh","asci","UHLF",1
"2166","SMC20497","NATHigh","csci","UHMF",8
"2167","SMC20497","NATHigh","csci","UHLF",1
"2168","SMC20497","NATLow","asci","UHUF",2
"2169","SMC20497","NATLow","asci","UHMF",7
"2170","SMC20497","NATLow","csci","HUF",8
"2171","SMC20497","NATLow","csci","HMF",1
"2172","SMC20497","NATMed","asci","UHUF",1
"2173","SMC20497","NATMed","asci","UHMF",7
"2174","SMC20497","NATMed","asci","UHLF",1
"2175","SMC20497","NATMed","csci","UHUF",5
"2176","SMC20497","NATMed","csci","UHMF",4
"2177","SMC20994","HB","csci","UHUF",8
"2178","SMC20994","NATHigh","csci","UHMF",8
"2179","SMC20994","NATLow","csci","UHUF",7
"2180","SMC20994","NATLow","csci","UHMF",1
"2181","SMC20994","NATMed","csci","UHUF",8
"2182","SMC21796","HB","csci","UHUF",6
"2183","SMC21796","HB","csci","UHLF",2
"2184","SMC21796","NATHigh","csci","UHMF",6
"2185","SMC21796","NATHigh","csci","UHLF",2
"2186","SMC21796","NATLow","csci","UHUF",5
"2187","SMC21796","NATLow","csci","UHMF",2
"2188","SMC21796","NATLow","csci","UHLF",1
"2189","SMC21796","NATMed","csci","UHUF",2
"2190","SMC21796","NATMed","csci","UHMF",4
"2191","SMC21796","NATMed","csci","UHLF",2
"2192","SMC21822","NATHigh","asci","UHMF",1
"2193","SMC21822","NATHigh","asci","UHLF",7
"2194","SMC21822","NATHigh","asci",NA,1
"2195","SMC21822","NATHigh","csci","UHMF",3
"2196","SMC21822","NATHigh","csci","UHLF",6
"2197","SMC21822","NATLow","asci","UHMF",3
"2198","SMC21822","NATLow","asci","UHLF",6
"2199","SMC21822","NATLow","csci","HUF",1
"2200","SMC21822","NATLow","csci","HMF",8
"2201","SMC21822","NATMed","asci","UHMF",1
"2202","SMC21822","NATMed","asci","UHLF",7
"2203","SMC21822","NATMed","asci",NA,1
"2204","SMC21822","NATMed","csci","HUF",1
"2205","SMC21822","NATMed","csci","HMF",4
"2206","SMC21822","NATMed","csci","HLF",4
"2207","SMC35697","NAT","asci","UHUF",1
"2208","SMC35697","NAT","asci","UHMF",6
"2209","SMC35697","NAT","asci","UHLF",1
"2210","SMC35697","NAT","csci","HUF",6
"2211","SMC35697","NAT","csci","HMF",2
"2212","SMC35697","NATHigh","asci","UHUF",1
"2213","SMC35697","NATHigh","asci","UHMF",6
"2214","SMC35697","NATHigh","asci","UHLF",1
"2215","SMC35697","NATHigh","csci","UHMF",7
"2216","SMC35697","NATHigh","csci","UHLF",1
"2217","SMC35697","NATLow","asci","HUF",2
"2218","SMC35697","NATLow","asci","HMF",6
"2219","SMC35697","NATLow","csci","HUF",7
"2220","SMC35697","NATLow","csci","HMF",1
"2221","SMC35697","NATMed","asci","UHUF",1
"2222","SMC35697","NATMed","asci","UHMF",6
"2223","SMC35697","NATMed","asci","UHLF",1
"2224","SMC35697","NATMed","csci","HUF",6
"2225","SMC35697","NATMed","csci","HMF",2
"2226","SMC35837","NAT","asci","UHUF",1
"2227","SMC35837","NAT","asci","UHMF",7
"2228","SMC35837","NAT","csci","UHUF",8
"2229","SMC35837","NATHigh","asci","UHUF",1
"2230","SMC35837","NATHigh","asci","UHMF",7
"2231","SMC35837","NATHigh","csci","UHMF",8
"2232","SMC35837","NATLow","asci","UHUF",2
"2233","SMC35837","NATLow","asci","UHMF",6
"2234","SMC35837","NATLow","csci","UHUF",7
"2235","SMC35837","NATLow","csci","UHMF",1
"2236","SMC35837","NATMed","asci","UHUF",1
"2237","SMC35837","NATMed","asci","UHMF",7
"2238","SMC35837","NATMed","csci","UHUF",8
