"","metric","Index","Hydro_endpoint","SmoothingFunc","Quantile","ChosenSmth","Threshold","BioThresh","CurveStatus","Lower2","Upper2"
"1","csci_Wet_BFL_Mag_10","csci","Wet_BFL_Mag_10",3,0.9,3,"NATLow",0.63,"Above",-44933.6480255651,1699.85358774559
"2","csci_Wet_BFL_Mag_10","csci","Wet_BFL_Mag_10",3,0.9,3,"HB",0.67,"Above",-44933.6480255651,1699.85358774559
"3","csci_Wet_BFL_Mag_10","csci","Wet_BFL_Mag_10",3,0.9,3,"SB0",0.78,"Above",-44933.6480255651,1699.85358774559
"4","csci_Wet_BFL_Mag_10","csci","Wet_BFL_Mag_10",3,0.9,3,"SB2",0.75,"Above",-44933.6480255651,1699.85358774559
"5","csci_Peak_10","csci","Peak_10",3,0.9,3,"NATLow",0.63,"Above",-44933.6480255651,1699.85358774559
"6","csci_Peak_10","csci","Peak_10",3,0.9,3,"HB",0.67,"Above",-44933.6480255651,1699.85358774559
"7","csci_Peak_2","csci","Peak_2",3,0.9,3,"NATLow",0.63,"Above",-44933.6480255651,1699.85358774559
"8","csci_Peak_2","csci","Peak_2",3,0.9,3,"HB",0.67,"Above",-44933.6480255651,1699.85358774559
"9","csci_Peak_5","csci","Peak_5",3,0.9,3,"NATLow",0.63,"Above",-44933.6480255651,1699.85358774559
"10","csci_Peak_5","csci","Peak_5",3,0.9,3,"HB",0.67,"Above",-44933.6480255651,1699.85358774559
"11","csci_SP_Mag","csci","SP_Mag",3,0.5,3,"NATLow",0.63,"Below",0,0
"12","csci_SP_Mag","csci","SP_Mag",3,0.5,3,"NATHigh",0.92,"Below",0,0
"13","csci_Wet_BFL_Mag_10","csci","Wet_BFL_Mag_10",3,0.5,3,"NATHigh",0.92,"Below",0,0
"14","csci_Wet_BFL_Mag_50","csci","Wet_BFL_Mag_50",3,0.5,3,"NATHigh",0.92,"Below",0,0
"15","csci_Peak_10","csci","Peak_10",3,0.5,3,"NATHigh",0.92,"Below",0,0
"16","csci_Peak_2","csci","Peak_2",3,0.5,3,"NATHigh",0.92,"Below",0,0
"17","csci_Peak_5","csci","Peak_5",3,0.5,3,"NATHigh",0.92,"Below",0,0
"18","csci_Q99","csci","Q99",3,0.5,3,"NATHigh",0.92,"Below",0,0
"19","asci_DS_Mag_50","asci","DS_Mag_50",6,0.9,6,"NATLow",0.75,"Above",-44933.6480255651,1699.85358774559
"20","asci_DS_Mag_50","asci","DS_Mag_50",6,0.9,6,"SB2",0.76,"Above",-44933.6480255651,1699.85358774559
"21","asci_FA_Mag","asci","FA_Mag",6,0.9,6,"NATLow",0.75,"Above",-44933.6480255651,1699.85358774559
"22","asci_SP_Mag","asci","SP_Mag",6,0.9,6,"NATLow",0.75,"Above",-44933.6480255651,1699.85358774559
"23","asci_SP_Mag","asci","SP_Mag",6,0.9,6,"SB0",0.79,"Above",-44933.6480255651,1699.85358774559
"24","asci_SP_Mag","asci","SP_Mag",6,0.9,6,"SB2",0.76,"Above",-44933.6480255651,1699.85358774559
"25","csci_DS_Mag_50","csci","DS_Mag_50",6,0.5,6,"NATHigh",0.92,"Below",0,0
"26","csci_FA_Mag","csci","FA_Mag",6,0.5,6,"NATHigh",0.92,"Below",0,0
"27","csci_SP_Mag","csci","SP_Mag",3,0.9,3,"NAT",0.79,"Above",-44933.6480255651,1699.85358774559
"28","csci_SP_Mag","csci","SP_Mag",3,0.9,3,"NATMed",0.79,"Above",-44933.6480255651,1699.85358774559
"29","csci_SP_Mag","csci","SP_Mag",3,0.9,3,"NATLow",0.63,"Above",-44933.6480255651,1699.85358774559
"30","csci_SP_Mag","csci","SP_Mag",3,0.9,3,"NATHigh",0.92,"Above",-44933.6480255651,1699.85358774559
"31","csci_SP_Mag","csci","SP_Mag",3,0.9,3,"HB",0.67,"Above",-44933.6480255651,1699.85358774559
"32","csci_SP_Mag","csci","SP_Mag",3,0.9,3,"SB0",0.78,"Above",-44933.6480255651,1699.85358774559
"33","csci_SP_Mag","csci","SP_Mag",3,0.9,3,"SB2",0.75,"Above",-44933.6480255651,1699.85358774559
"34","asci_Wet_BFL_Mag_10","asci","Wet_BFL_Mag_10",3,0.9,3,"NAT",0.86,"Passes",-50.2676625902309,1699.85358774559
"35","asci_Wet_BFL_Mag_10","asci","Wet_BFL_Mag_10",3,0.9,3,"NATMed",0.86,"Passes",-50.2676625902309,1699.85358774559
"36","asci_Wet_BFL_Mag_10","asci","Wet_BFL_Mag_10",3,0.9,3,"NATLow",0.75,"Passes",-69.6564954195796,1699.85358774559
"37","asci_Wet_BFL_Mag_10","asci","Wet_BFL_Mag_10",3,0.9,3,"NATHigh",0.94,"Passes",-34.1254877952765,1699.85358774559
"38","asci_Wet_BFL_Mag_10","asci","Wet_BFL_Mag_10",3,0.9,3,"HB",0.87,"Passes",-48.3822306691773,1699.85358774559
"39","asci_Wet_BFL_Mag_10","asci","Wet_BFL_Mag_10",3,0.9,3,"SB0",0.79,"Passes",-62.825452073518,1699.85358774559
"40","asci_Wet_BFL_Mag_10","asci","Wet_BFL_Mag_10",3,0.9,3,"SB2",0.76,"Passes",-67.9650827276072,1699.85358774559
"41","csci_Wet_BFL_Mag_10","csci","Wet_BFL_Mag_10",3,0.9,3,"NAT",0.79,"Passes",-87.5317422407151,1699.85358774559
"42","csci_Wet_BFL_Mag_10","csci","Wet_BFL_Mag_10",3,0.9,3,"NATMed",0.79,"Passes",-87.5317422407151,1699.85358774559
"43","csci_Wet_BFL_Mag_10","csci","Wet_BFL_Mag_10",3,0.9,3,"NATHigh",0.92,"Passes",-65.3195616627646,69.2159498765459
"44","asci_Wet_BFL_Mag_50","asci","Wet_BFL_Mag_50",3,0.9,3,"NAT",0.86,"Passes",-175.118199733957,1699.85358774559
"45","asci_Wet_BFL_Mag_50","asci","Wet_BFL_Mag_50",3,0.9,3,"NATMed",0.86,"Passes",-175.118199733957,1699.85358774559
"46","asci_Wet_BFL_Mag_50","asci","Wet_BFL_Mag_50",3,0.9,3,"NATLow",0.75,"Passes",-276.523179084478,1699.85358774559
"47","asci_Wet_BFL_Mag_50","asci","Wet_BFL_Mag_50",3,0.9,3,"NATHigh",0.94,"Passes",-101.368615411512,1699.85358774559
"48","asci_Wet_BFL_Mag_50","asci","Wet_BFL_Mag_50",3,0.9,3,"HB",0.87,"Passes",-165.899529969486,1699.85358774559
"49","asci_Wet_BFL_Mag_50","asci","Wet_BFL_Mag_50",3,0.9,3,"SB0",0.79,"Passes",-239.648710491336,1699.85358774559
"50","asci_Wet_BFL_Mag_50","asci","Wet_BFL_Mag_50",3,0.9,3,"SB2",0.76,"Passes",-267.304567630732,1699.85358774559
"51","csci_Wet_BFL_Mag_50","csci","Wet_BFL_Mag_50",3,0.9,3,"NAT",0.79,"Above",-44933.6480255651,1699.85358774559
"52","csci_Wet_BFL_Mag_50","csci","Wet_BFL_Mag_50",3,0.9,3,"NATMed",0.79,"Above",-44933.6480255651,1699.85358774559
"53","csci_Wet_BFL_Mag_50","csci","Wet_BFL_Mag_50",3,0.9,3,"NATLow",0.63,"Above",-44933.6480255651,1699.85358774559
"54","csci_Wet_BFL_Mag_50","csci","Wet_BFL_Mag_50",3,0.9,3,"NATHigh",0.92,"Above",-44933.6480255651,1699.85358774559
"55","csci_Wet_BFL_Mag_50","csci","Wet_BFL_Mag_50",3,0.9,3,"HB",0.67,"Above",-44933.6480255651,1699.85358774559
"56","csci_Wet_BFL_Mag_50","csci","Wet_BFL_Mag_50",3,0.9,3,"SB0",0.78,"Above",-44933.6480255651,1699.85358774559
"57","csci_Wet_BFL_Mag_50","csci","Wet_BFL_Mag_50",3,0.9,3,"SB2",0.75,"Above",-44933.6480255651,1699.85358774559
"58","asci_Peak_10","asci","Peak_10",3,0.9,3,"NAT",0.86,"Passes",-3639.36261369614,1699.85358774559
"59","asci_Peak_10","asci","Peak_10",3,0.9,3,"NATMed",0.86,"Passes",-3639.36261369614,1699.85358774559
"60","asci_Peak_10","asci","Peak_10",3,0.9,3,"NATLow",0.75,"Passes",-6890.11379332425,1699.85358774559
"61","asci_Peak_10","asci","Peak_10",3,0.9,3,"NATHigh",0.94,"Passes",-1873.32258022247,1699.85358774559
"62","asci_Peak_10","asci","Peak_10",3,0.9,3,"HB",0.87,"Passes",-3403.46189354933,1699.85358774559
"63","asci_Peak_10","asci","Peak_10",3,0.9,3,"SB0",0.79,"Passes",-5511.65111205916,1699.85358774559
"64","asci_Peak_10","asci","Peak_10",3,0.9,3,"SB2",0.76,"Passes",-6510.95603442035,1699.85358774559
"65","csci_Peak_10","csci","Peak_10",3,0.9,3,"NAT",0.79,"Passes",-7465.26155798918,1699.85358774559
"66","csci_Peak_10","csci","Peak_10",3,0.9,3,"NATMed",0.79,"Passes",-7465.26155798918,1699.85358774559
"67","csci_Peak_10","csci","Peak_10",3,0.9,3,"NATHigh",0.92,"Passes",-3808.44251992362,1699.85358774559
"68","csci_Peak_10","csci","Peak_10",3,0.9,3,"SB0",0.78,"Passes",-7908.96431617179,1699.85358774559
"69","csci_Peak_10","csci","Peak_10",3,0.9,3,"SB2",0.75,"Passes",-9870.56426280751,1699.85358774559
"70","asci_Peak_2","asci","Peak_2",3,0.9,3,"NAT",0.86,"Passes",-1365.04373242624,1699.85358774559
"71","asci_Peak_2","asci","Peak_2",3,0.9,3,"NATMed",0.86,"Passes",-1365.04373242624,1699.85358774559
"72","asci_Peak_2","asci","Peak_2",3,0.9,3,"NATLow",0.75,"Passes",-2189.54685400319,1699.85358774559
"73","asci_Peak_2","asci","Peak_2",3,0.9,3,"NATHigh",0.94,"Passes",-864.31232161894,1699.85358774559
"74","asci_Peak_2","asci","Peak_2",3,0.9,3,"HB",0.87,"Passes",-1299.37332824727,1699.85358774559
"75","asci_Peak_2","asci","Peak_2",3,0.9,3,"SB0",0.79,"Passes",-1862.69853089394,1699.85358774559
"76","asci_Peak_2","asci","Peak_2",3,0.9,3,"SB2",0.76,"Passes",-2103.94485772024,1699.85358774559
"77","csci_Peak_2","csci","Peak_2",3,0.9,3,"NAT",0.79,"Passes",-2704.69373773888,1699.85358774559
"78","csci_Peak_2","csci","Peak_2",3,0.9,3,"NATMed",0.79,"Passes",-2704.69373773888,1699.85358774559
"79","csci_Peak_2","csci","Peak_2",3,0.9,3,"NATHigh",0.92,"Passes",-1461.82277670482,1699.85358774559
"80","csci_Peak_2","csci","Peak_2",3,0.9,3,"SB0",0.78,"Passes",-2847.45363797219,1699.85358774559
"81","csci_Peak_2","csci","Peak_2",3,0.9,3,"SB2",0.75,"Passes",-3417.42360478908,1699.85358774559
"82","asci_Peak_5","asci","Peak_5",3,0.9,3,"NAT",0.86,"Passes",-3260.64916394653,1699.85358774559
"83","asci_Peak_5","asci","Peak_5",3,0.9,3,"NATMed",0.86,"Passes",-3260.64916394653,1699.85358774559
"84","asci_Peak_5","asci","Peak_5",3,0.9,3,"NATLow",0.75,"Passes",-5823.03737386285,1699.85358774559
"85","asci_Peak_5","asci","Peak_5",3,0.9,3,"NATHigh",0.94,"Passes",-1754.7507615311,1699.85358774559
"86","asci_Peak_5","asci","Peak_5",3,0.9,3,"HB",0.87,"Passes",-3061.22221181959,1699.85358774559
"87","asci_Peak_5","asci","Peak_5",3,0.9,3,"SB0",0.79,"Passes",-4792.14235160298,1699.85358774559
"88","asci_Peak_5","asci","Peak_5",3,0.9,3,"SB2",0.76,"Passes",-5550.6473729542,1699.85358774559
"89","csci_Peak_5","csci","Peak_5",3,0.9,3,"NAT",0.79,"Passes",-5929.55804936704,1699.85358774559
"90","csci_Peak_5","csci","Peak_5",3,0.9,3,"NATMed",0.79,"Passes",-5929.55804936704,1699.85358774559
"91","csci_Peak_5","csci","Peak_5",3,0.9,3,"NATHigh",0.92,"Passes",-3114.60880303002,1699.85358774559
"92","csci_Peak_5","csci","Peak_5",3,0.9,3,"SB0",0.78,"Passes",-6243.37473350509,1699.85358774559
"93","csci_Peak_5","csci","Peak_5",3,0.9,3,"SB2",0.75,"Passes",-7464.87356826153,1699.85358774559
"94","asci_Q99","asci","Q99",3,0.9,3,"NAT",0.86,"Passes",-3203.48460085099,1699.85358774559
"95","asci_Q99","asci","Q99",3,0.9,3,"NATMed",0.86,"Passes",-3203.48460085099,1699.85358774559
"96","asci_Q99","asci","Q99",3,0.9,3,"NATLow",0.75,"Passes",-5115.25926601374,1699.85358774559
"97","asci_Q99","asci","Q99",3,0.9,3,"NATHigh",0.94,"Passes",-1875.48956816895,1699.85358774559
"98","asci_Q99","asci","Q99",3,0.9,3,"HB",0.87,"Passes",-3035.11954683229,1699.85358774559
"99","asci_Q99","asci","Q99",3,0.9,3,"SB0",0.79,"Passes",-4406.03933897331,1699.85358774559
"100","asci_Q99","asci","Q99",3,0.9,3,"SB2",0.76,"Passes",-4936.26086607904,1699.85358774559
"101","csci_Q99","csci","Q99",3,0.9,3,"NAT",0.79,"Passes",-12920.642275522,1699.85358774559
"102","csci_Q99","csci","Q99",3,0.9,3,"NATMed",0.79,"Passes",-12920.642275522,1699.85358774559
"103","csci_Q99","csci","Q99",3,0.9,3,"NATLow",0.63,"Passes",-23308.5135799822,1699.85358774559
"104","csci_Q99","csci","Q99",3,0.9,3,"NATHigh",0.92,"Passes",-7363.35071444242,1699.85358774559
"105","csci_Q99","csci","Q99",3,0.9,3,"HB",0.67,"Passes",-19992.7998162726,1699.85358774559
"106","csci_Q99","csci","Q99",3,0.9,3,"SB0",0.78,"Passes",-13409.7661205194,1699.85358774559
"107","csci_Q99","csci","Q99",3,0.9,3,"SB2",0.75,"Passes",-14962.3905343206,1699.85358774559
"108","csci_SP_Mag","csci","SP_Mag",3,0.5,3,"NAT",0.79,"Passes",-85.0889882785975,906.367884354706
"109","csci_SP_Mag","csci","SP_Mag",3,0.5,3,"NATMed",0.79,"Passes",-85.0889882785975,906.367884354706
"110","csci_SP_Mag","csci","SP_Mag",3,0.5,3,"HB",0.67,"Passes",-893.000739299055,1699.85358774559
"111","csci_SP_Mag","csci","SP_Mag",3,0.5,3,"SB0",0.78,"Passes",-178.459192253442,1014.99901266217
"112","csci_SP_Mag","csci","SP_Mag",3,0.5,3,"SB2",0.75,"Passes",-407.371367556934,1286.74594645141
"113","asci_Wet_BFL_Mag_10","asci","Wet_BFL_Mag_10",3,0.5,3,"NAT",0.86,"Below",0,0
"114","asci_Wet_BFL_Mag_10","asci","Wet_BFL_Mag_10",3,0.5,3,"NATMed",0.86,"Below",0,0
"115","asci_Wet_BFL_Mag_10","asci","Wet_BFL_Mag_10",3,0.5,3,"NATLow",0.75,"Below",0,0
"116","asci_Wet_BFL_Mag_10","asci","Wet_BFL_Mag_10",3,0.5,3,"NATHigh",0.94,"Below",0,0
"117","asci_Wet_BFL_Mag_10","asci","Wet_BFL_Mag_10",3,0.5,3,"HB",0.87,"Below",0,0
"118","asci_Wet_BFL_Mag_10","asci","Wet_BFL_Mag_10",3,0.5,3,"SB0",0.79,"Below",0,0
"119","asci_Wet_BFL_Mag_10","asci","Wet_BFL_Mag_10",3,0.5,3,"SB2",0.76,"Below",0,0
"120","csci_Wet_BFL_Mag_10","csci","Wet_BFL_Mag_10",3,0.5,3,"NAT",0.79,"Passes",-29.1331007810604,11.136480022762
"121","csci_Wet_BFL_Mag_10","csci","Wet_BFL_Mag_10",3,0.5,3,"NATMed",0.79,"Passes",-29.1331007810604,11.136480022762
"122","csci_Wet_BFL_Mag_10","csci","Wet_BFL_Mag_10",3,0.5,3,"NATLow",0.63,"Passes",-62.7089405542495,43.9703728410797
"123","csci_Wet_BFL_Mag_10","csci","Wet_BFL_Mag_10",3,0.5,3,"HB",0.67,"Passes",-55.8869328210402,37.1917300212997
"124","csci_Wet_BFL_Mag_10","csci","Wet_BFL_Mag_10",3,0.5,3,"SB0",0.78,"Passes",-32.2191788168451,14.085183945814
"125","csci_Wet_BFL_Mag_10","csci","Wet_BFL_Mag_10",3,0.5,3,"SB2",0.75,"Passes",-39.9605406604096,21.5482321471017
"126","asci_Wet_BFL_Mag_50","asci","Wet_BFL_Mag_50",3,0.5,3,"NAT",0.86,"Below",0,0
"127","asci_Wet_BFL_Mag_50","asci","Wet_BFL_Mag_50",3,0.5,3,"NATMed",0.86,"Below",0,0
"128","asci_Wet_BFL_Mag_50","asci","Wet_BFL_Mag_50",3,0.5,3,"NATLow",0.75,"Below",0,0
"129","asci_Wet_BFL_Mag_50","asci","Wet_BFL_Mag_50",3,0.5,3,"NATHigh",0.94,"Below",0,0
"130","asci_Wet_BFL_Mag_50","asci","Wet_BFL_Mag_50",3,0.5,3,"HB",0.87,"Below",0,0
"131","asci_Wet_BFL_Mag_50","asci","Wet_BFL_Mag_50",3,0.5,3,"SB0",0.79,"Below",0,0
"132","asci_Wet_BFL_Mag_50","asci","Wet_BFL_Mag_50",3,0.5,3,"SB2",0.76,"Below",0,0
"133","csci_Wet_BFL_Mag_50","csci","Wet_BFL_Mag_50",3,0.5,3,"NAT",0.79,"Passes",-181.535657295425,25.7022488604127
"134","csci_Wet_BFL_Mag_50","csci","Wet_BFL_Mag_50",3,0.5,3,"NATMed",0.79,"Passes",-181.535657295425,25.7022488604127
"135","csci_Wet_BFL_Mag_50","csci","Wet_BFL_Mag_50",3,0.5,3,"NATLow",0.63,"Passes",-314.770793309162,144.916105863729
"136","csci_Wet_BFL_Mag_50","csci","Wet_BFL_Mag_50",3,0.5,3,"HB",0.67,"Passes",-285.910489097753,118.669458581244
"137","csci_Wet_BFL_Mag_50","csci","Wet_BFL_Mag_50",3,0.5,3,"SB0",0.78,"Passes",-192.441323093346,35.284976461759
"138","csci_Wet_BFL_Mag_50","csci","Wet_BFL_Mag_50",3,0.5,3,"SB2",0.75,"Passes",-221.522119713346,60.9480856542333
"139","asci_Peak_10","asci","Peak_10",3,0.5,3,"NAT",0.86,"Below",0,0
"140","asci_Peak_10","asci","Peak_10",3,0.5,3,"NATMed",0.86,"Below",0,0
"141","asci_Peak_10","asci","Peak_10",3,0.5,3,"NATLow",0.75,"Passes",-671.481931713314,1699.85358774559
"142","asci_Peak_10","asci","Peak_10",3,0.5,3,"NATHigh",0.94,"Below",0,0
"143","asci_Peak_10","asci","Peak_10",3,0.5,3,"HB",0.87,"Below",0,0
"144","asci_Peak_10","asci","Peak_10",3,0.5,3,"SB0",0.79,"Below",0,0
"145","asci_Peak_10","asci","Peak_10",3,0.5,3,"SB2",0.76,"Passes",-409.687869248843,1699.85358774559
"146","csci_Peak_10","csci","Peak_10",3,0.5,3,"NAT",0.79,"Passes",-604.151169622289,1699.85358774559
"147","csci_Peak_10","csci","Peak_10",3,0.5,3,"NATMed",0.79,"Passes",-604.151169622289,1699.85358774559
"148","csci_Peak_10","csci","Peak_10",3,0.5,3,"NATLow",0.63,"Passes",-3031.88678832996,1699.85358774559
"149","csci_Peak_10","csci","Peak_10",3,0.5,3,"HB",0.67,"Passes",-2387.15591766312,1699.85358774559
"150","csci_Peak_10","csci","Peak_10",3,0.5,3,"SB0",0.78,"Passes",-748.09921708478,1699.85358774559
"151","csci_Peak_10","csci","Peak_10",3,0.5,3,"SB2",0.75,"Passes",-1182.98145424566,1699.85358774559
"152","asci_Peak_2","asci","Peak_2",3,0.5,3,"NAT",0.86,"Below",0,0
"153","asci_Peak_2","asci","Peak_2",3,0.5,3,"NATMed",0.86,"Below",0,0
"154","asci_Peak_2","asci","Peak_2",3,0.5,3,"NATLow",0.75,"Passes",-276.292982807188,1699.85358774559
"155","asci_Peak_2","asci","Peak_2",3,0.5,3,"NATHigh",0.94,"Below",0,0
"156","asci_Peak_2","asci","Peak_2",3,0.5,3,"HB",0.87,"Below",0,0
"157","asci_Peak_2","asci","Peak_2",3,0.5,3,"SB0",0.79,"Below",0,0
"158","asci_Peak_2","asci","Peak_2",3,0.5,3,"SB2",0.76,"Passes",-176.228671014109,1699.85358774559
"159","csci_Peak_2","csci","Peak_2",3,0.5,3,"NAT",0.79,"Passes",-507.174716150737,1699.85358774559
"160","csci_Peak_2","csci","Peak_2",3,0.5,3,"NATMed",0.79,"Passes",-507.174716150737,1699.85358774559
"161","csci_Peak_2","csci","Peak_2",3,0.5,3,"NATLow",0.63,"Passes",-1732.35773047899,1699.85358774559
"162","csci_Peak_2","csci","Peak_2",3,0.5,3,"HB",0.67,"Passes",-1389.0171021994,1699.85358774559
"163","csci_Peak_2","csci","Peak_2",3,0.5,3,"SB0",0.78,"Passes",-575.74670416426,1699.85358774559
"164","csci_Peak_2","csci","Peak_2",3,0.5,3,"SB2",0.75,"Passes",-785.353965689884,1699.85358774559
"165","asci_Peak_5","asci","Peak_5",3,0.5,3,"NAT",0.86,"Below",0,0
"166","asci_Peak_5","asci","Peak_5",3,0.5,3,"NATMed",0.86,"Below",0,0
"167","asci_Peak_5","asci","Peak_5",3,0.5,3,"NATLow",0.75,"Below",0,0
"168","asci_Peak_5","asci","Peak_5",3,0.5,3,"NATHigh",0.94,"Below",0,0
"169","asci_Peak_5","asci","Peak_5",3,0.5,3,"HB",0.87,"Below",0,0
"170","asci_Peak_5","asci","Peak_5",3,0.5,3,"SB0",0.79,"Below",0,0
"171","asci_Peak_5","asci","Peak_5",3,0.5,3,"SB2",0.76,"Below",0,0
"172","csci_Peak_5","csci","Peak_5",3,0.5,3,"NAT",0.79,"Passes",-522.161917333137,1699.85358774559
"173","csci_Peak_5","csci","Peak_5",3,0.5,3,"NATMed",0.79,"Passes",-522.161917333137,1699.85358774559
"174","csci_Peak_5","csci","Peak_5",3,0.5,3,"NATLow",0.63,"Passes",-2719.66135767621,1699.85358774559
"175","csci_Peak_5","csci","Peak_5",3,0.5,3,"HB",0.67,"Passes",-2132.97203804682,1699.85358774559
"176","csci_Peak_5","csci","Peak_5",3,0.5,3,"SB0",0.78,"Passes",-651.701834010838,1699.85358774559
"177","csci_Peak_5","csci","Peak_5",3,0.5,3,"SB2",0.75,"Passes",-1043.53162267561,1699.85358774559
"178","asci_Q99","asci","Q99",3,0.5,3,"NAT",0.86,"Below",0,0
"179","asci_Q99","asci","Q99",3,0.5,3,"NATMed",0.86,"Below",0,0
"180","asci_Q99","asci","Q99",3,0.5,3,"NATLow",0.75,"Below",0,0
"181","asci_Q99","asci","Q99",3,0.5,3,"NATHigh",0.94,"Below",0,0
"182","asci_Q99","asci","Q99",3,0.5,3,"HB",0.87,"Below",0,0
"183","asci_Q99","asci","Q99",3,0.5,3,"SB0",0.79,"Below",0,0
"184","asci_Q99","asci","Q99",3,0.5,3,"SB2",0.76,"Below",0,0
"185","csci_Q99","csci","Q99",3,0.5,3,"NAT",0.79,"Passes",-472.119510126448,1699.85358774559
"186","csci_Q99","csci","Q99",3,0.5,3,"NATMed",0.79,"Passes",-472.119510126448,1699.85358774559
"187","csci_Q99","csci","Q99",3,0.5,3,"NATLow",0.63,"Passes",-4048.7076054482,1699.85358774559
"188","csci_Q99","csci","Q99",3,0.5,3,"HB",0.67,"Passes",-3126.29142098715,1699.85358774559
"189","csci_Q99","csci","Q99",3,0.5,3,"SB0",0.78,"Passes",-689.641945060911,1699.85358774559
"190","csci_Q99","csci","Q99",3,0.5,3,"SB2",0.75,"Passes",-1344.56372650501,1699.85358774559
"191","asci_DS_Mag_50","asci","DS_Mag_50",6,0.9,6,"NAT",0.86,"Passes",-44933.6480255651,67.4657715333869
"192","asci_DS_Mag_50","asci","DS_Mag_50",6,0.9,6,"NATMed",0.86,"Passes",-44933.6480255651,67.4657715333869
"193","asci_DS_Mag_50","asci","DS_Mag_50",6,0.9,6,"NATHigh",0.94,"Passes",-44933.6480255651,20.1863276376923
"194","asci_DS_Mag_50","asci","DS_Mag_50",6,0.9,6,"HB",0.87,"Passes",-44933.6480255651,62.0024952640354
"195","asci_DS_Mag_50","asci","DS_Mag_50",6,0.9,6,"SB0",0.79,"Passes",-44933.6480255651,92.222013829016
"196","csci_DS_Mag_50","csci","DS_Mag_50",6,0.9,6,"NAT",0.79,"Passes",-21.4166237649127,16.9871881176214
"197","csci_DS_Mag_50","csci","DS_Mag_50",6,0.9,6,"NATMed",0.79,"Passes",-21.4166237649127,16.9871881176214
"198","csci_DS_Mag_50","csci","DS_Mag_50",6,0.9,6,"NATLow",0.63,"Passes",-25.6337990235222,58.8433797435415
"199","csci_DS_Mag_50","csci","DS_Mag_50",6,0.9,6,"NATHigh",0.92,"Passes",-17.731154945339,10.8993026308206
"200","csci_DS_Mag_50","csci","DS_Mag_50",6,0.9,6,"HB",0.67,"Passes",-24.5960297881815,27.6541325445076
"201","csci_DS_Mag_50","csci","DS_Mag_50",6,0.9,6,"SB0",0.78,"Passes",-21.6872780171238,17.5692327349911
"202","csci_DS_Mag_50","csci","DS_Mag_50",6,0.9,6,"SB2",0.75,"Passes",-22.4917974684584,19.4958194854519
"203","asci_FA_Mag","asci","FA_Mag",6,0.9,6,"NAT",0.86,"Passes",-206.297281268249,738.452547754484
"204","asci_FA_Mag","asci","FA_Mag",6,0.9,6,"NATMed",0.86,"Passes",-206.297281268249,738.452547754484
"205","asci_FA_Mag","asci","FA_Mag",6,0.9,6,"NATHigh",0.94,"Passes",-141.811311281539,343.750612304962
"206","asci_FA_Mag","asci","FA_Mag",6,0.9,6,"HB",0.87,"Passes",-198.513089006315,711.816026652236
"207","asci_FA_Mag","asci","FA_Mag",6,0.9,6,"SB0",0.79,"Passes",-44933.6480255651,871.711850506288
"208","asci_FA_Mag","asci","FA_Mag",6,0.9,6,"SB2",0.76,"Passes",-44933.6480255651,919.802507707848
"209","csci_FA_Mag","csci","FA_Mag",6,0.9,6,"NAT",0.79,"Passes",-44933.6480255651,219.60239141418
"210","csci_FA_Mag","csci","FA_Mag",6,0.9,6,"NATMed",0.79,"Passes",-44933.6480255651,219.60239141418
"211","csci_FA_Mag","csci","FA_Mag",6,0.9,6,"NATLow",0.63,"Passes",-44933.6480255651,296.390201804501
"212","csci_FA_Mag","csci","FA_Mag",6,0.9,6,"NATHigh",0.92,"Passes",-181.043452368979,162.93261487478
"213","csci_FA_Mag","csci","FA_Mag",6,0.9,6,"HB",0.67,"Passes",-44933.6480255651,275.387669984657
"214","csci_FA_Mag","csci","FA_Mag",6,0.9,6,"SB0",0.78,"Passes",-44933.6480255651,224.013373785998
"215","csci_FA_Mag","csci","FA_Mag",6,0.9,6,"SB2",0.75,"Passes",-44933.6480255651,237.431733291813
"216","asci_SP_Mag","asci","SP_Mag",6,0.9,6,"NAT",0.86,"Passes",-786.28569818067,1699.85358774559
"217","asci_SP_Mag","asci","SP_Mag",6,0.9,6,"NATMed",0.86,"Passes",-786.28569818067,1699.85358774559
"218","asci_SP_Mag","asci","SP_Mag",6,0.9,6,"NATHigh",0.94,"Passes",-453.375071838606,1699.85358774559
"219","asci_SP_Mag","asci","SP_Mag",6,0.9,6,"HB",0.87,"Passes",-745.718545513859,1699.85358774559
"220","asci_DS_Mag_50","asci","DS_Mag_50",6,0.5,6,"NAT",0.86,"Below",0,0
"221","asci_DS_Mag_50","asci","DS_Mag_50",6,0.5,6,"NATMed",0.86,"Below",0,0
"222","asci_DS_Mag_50","asci","DS_Mag_50",6,0.5,6,"NATLow",0.75,"Passes",-2.79369647567279,1699.85358774559
"223","asci_DS_Mag_50","asci","DS_Mag_50",6,0.5,6,"NATHigh",0.94,"Below",0,0
"224","asci_DS_Mag_50","asci","DS_Mag_50",6,0.5,6,"HB",0.87,"Below",0,0
"225","asci_DS_Mag_50","asci","DS_Mag_50",6,0.5,6,"SB0",0.79,"Passes",-19.0611594953611,1699.85358774559
"226","asci_DS_Mag_50","asci","DS_Mag_50",6,0.5,6,"SB2",0.76,"Passes",-6.30214863558164,1699.85358774559
"227","csci_DS_Mag_50","csci","DS_Mag_50",6,0.5,6,"NAT",0.79,"Passes",-12.2624860951032,5.13928450223543
"228","csci_DS_Mag_50","csci","DS_Mag_50",6,0.5,6,"NATMed",0.79,"Passes",-12.2624860951032,5.13928450223543
"229","csci_DS_Mag_50","csci","DS_Mag_50",6,0.5,6,"NATLow",0.63,"Passes",-17.5739099438644,11.80660705966
"230","csci_DS_Mag_50","csci","DS_Mag_50",6,0.5,6,"HB",0.67,"Passes",-16.3840619341569,10.0614315449683
"231","csci_DS_Mag_50","csci","DS_Mag_50",6,0.5,6,"SB0",0.78,"Passes",-12.6559726712034,5.56087606703687
"232","csci_DS_Mag_50","csci","DS_Mag_50",6,0.5,6,"SB2",0.75,"Passes",-13.7661222541683,6.79385255648101
"233","asci_FA_Mag","asci","FA_Mag",6,0.5,6,"NAT",0.86,"Below",0,0
"234","asci_FA_Mag","asci","FA_Mag",6,0.5,6,"NATMed",0.86,"Below",0,0
"235","asci_FA_Mag","asci","FA_Mag",6,0.5,6,"NATLow",0.75,"Below",0,0
"236","asci_FA_Mag","asci","FA_Mag",6,0.5,6,"NATHigh",0.94,"Below",0,0
"237","asci_FA_Mag","asci","FA_Mag",6,0.5,6,"HB",0.87,"Below",0,0
"238","asci_FA_Mag","asci","FA_Mag",6,0.5,6,"SB0",0.79,"Below",0,0
"239","asci_FA_Mag","asci","FA_Mag",6,0.5,6,"SB2",0.76,"Below",0,0
"240","csci_FA_Mag","csci","FA_Mag",6,0.5,6,"NAT",0.79,"Passes",-110.533329162201,64.3593757952564
"241","csci_FA_Mag","csci","FA_Mag",6,0.5,6,"NATMed",0.79,"Passes",-110.533329162201,64.3593757952564
"242","csci_FA_Mag","csci","FA_Mag",6,0.5,6,"NATLow",0.63,"Passes",-202.906379309423,162.568009161221
"243","csci_FA_Mag","csci","FA_Mag",6,0.5,6,"HB",0.67,"Passes",-182.176019988977,138.209914478153
"244","csci_FA_Mag","csci","FA_Mag",6,0.5,6,"SB0",0.78,"Passes",-117.634010195653,71.1279349553872
"245","csci_FA_Mag","csci","FA_Mag",6,0.5,6,"SB2",0.75,"Passes",-137.144943823725,90.2472910409059
"246","asci_SP_Mag","asci","SP_Mag",6,0.5,6,"NAT",0.86,"Passes",-44933.6480255651,1423.69163891019
"247","asci_SP_Mag","asci","SP_Mag",6,0.5,6,"NATMed",0.86,"Passes",-44933.6480255651,1423.69163891019
"248","asci_SP_Mag","asci","SP_Mag",6,0.5,6,"NATLow",0.75,"Passes",-242.782296420041,102.049270363563
"249","asci_SP_Mag","asci","SP_Mag",6,0.5,6,"NATHigh",0.94,"Passes",-44933.6480255651,1546.95919198435
"250","asci_SP_Mag","asci","SP_Mag",6,0.5,6,"HB",0.87,"Passes",-44933.6480255651,1439.37705928509
"251","asci_SP_Mag","asci","SP_Mag",6,0.5,6,"SB0",0.79,"Passes",-44933.6480255651,1310.58392055967
"252","asci_SP_Mag","asci","SP_Mag",6,0.5,6,"SB2",0.76,"Passes",-202.367164078861,75.4619390017313
