"","ChannelType","hydro.endpoints","Target","Categories","Tally","TotalSites","PercentSites","PercentSitesCT","Flow.Metric.Name","Flow.Component"
"1","HB","DS_Mag_50","RefImprovement","Over 50%",31,74,41.8918918918919,41.8918918918919,"Dry-season median baseflow","Dry-season baseflow"
"2","HB","DS_Mag_50","INCImprovement","Over 50%",34,74,45.945945945946,45.945945945946,"Dry-season median baseflow","Dry-season baseflow"
"3","NAT & SB1","DS_Mag_50","RefImprovement","No Action",145,279,51.9713261648746,51.9713261648746,"Dry-season median baseflow","Dry-season baseflow"
"4","NAT & SB1","DS_Mag_50","INCImprovement","No Action",145,279,51.9713261648746,51.9713261648746,"Dry-season median baseflow","Dry-season baseflow"
"5","NAT & SB1","DS_Mag_50","BOImprovement","No Action",145,257,56.420233463035,51.9713261648746,"Dry-season median baseflow","Dry-season baseflow"
"6","HB","DS_Mag_50","RefImprovement","Non-flow related",37,74,50,50,"Dry-season median baseflow","Dry-season baseflow"
"7","HB","DS_Mag_50","INCImprovement","Non-flow related",37,74,50,50,"Dry-season median baseflow","Dry-season baseflow"
"8","HB","DS_Mag_50","BOImprovement","Non-flow related",37,52,71.1538461538462,50,"Dry-season median baseflow","Dry-season baseflow"
"9","NAT & SB1","DS_Mag_50","RefImprovement","Non-flow related",112,279,40.1433691756272,40.1433691756272,"Dry-season median baseflow","Dry-season baseflow"
"10","NAT & SB1","DS_Mag_50","INCImprovement","Non-flow related",112,279,40.1433691756272,40.1433691756272,"Dry-season median baseflow","Dry-season baseflow"
"11","NAT & SB1","DS_Mag_50","BOImprovement","Non-flow related",112,257,43.579766536965,40.1433691756272,"Dry-season median baseflow","Dry-season baseflow"
"12","HB","DS_Mag_50","BOImprovement","10 - 50%",9,52,17.3076923076923,12.1621621621622,"Dry-season median baseflow","Dry-season baseflow"
"13","SB0 & SB2","DS_Mag_50","RefImprovement","10 - 50%",11,43,25.5813953488372,25.5813953488372,"Dry-season median baseflow","Dry-season baseflow"
"14","SB0 & SB2","DS_Mag_50","INCImprovement","Over 50%",14,43,32.5581395348837,32.5581395348837,"Dry-season median baseflow","Dry-season baseflow"
"15","HB","DS_Mag_50","RefImprovement","10 - 50%",6,74,8.10810810810811,8.10810810810811,"Dry-season median baseflow","Dry-season baseflow"
"16","HB","DS_Mag_50","BOImprovement","Less than 10%",4,52,7.69230769230769,5.40540540540541,"Dry-season median baseflow","Dry-season baseflow"
"17","NAT & SB1","DS_Mag_50","RefImprovement","Less than 10%",6,279,2.1505376344086,2.1505376344086,"Dry-season median baseflow","Dry-season baseflow"
"18","NAT & SB1","DS_Mag_50","INCImprovement","Over 50%",20,279,7.16845878136201,7.16845878136201,"Dry-season median baseflow","Dry-season baseflow"
"19","NAT & SB1","DS_Mag_50","RefImprovement","10 - 50%",11,279,3.9426523297491,3.9426523297491,"Dry-season median baseflow","Dry-season baseflow"
"20","SB0 & SB2","DS_Mag_50","RefImprovement","Non-flow related",26,43,60.4651162790698,60.4651162790698,"Dry-season median baseflow","Dry-season baseflow"
"21","SB0 & SB2","DS_Mag_50","INCImprovement","Non-flow related",26,43,60.4651162790698,60.4651162790698,"Dry-season median baseflow","Dry-season baseflow"
"22","SB0 & SB2","DS_Mag_50","BOImprovement","Non-flow related",26,36,72.2222222222222,60.4651162790698,"Dry-season median baseflow","Dry-season baseflow"
"23","NAT & SB1","DS_Mag_50","RefImprovement","Over 50%",5,279,1.7921146953405,1.7921146953405,"Dry-season median baseflow","Dry-season baseflow"
"24","SB0 & SB2","DS_Mag_50","RefImprovement","Less than 10%",1,43,2.32558139534884,2.32558139534884,"Dry-season median baseflow","Dry-season baseflow"
"25","SB0 & SB2","DS_Mag_50","BOImprovement","10 - 50%",4,36,11.1111111111111,9.30232558139535,"Dry-season median baseflow","Dry-season baseflow"
"26","SB0 & SB2","DS_Mag_50","RefImprovement","Over 50%",3,43,6.97674418604651,6.97674418604651,"Dry-season median baseflow","Dry-season baseflow"
"27","SB0 & SB2","DS_Mag_50","INCImprovement","10 - 50%",1,43,2.32558139534884,2.32558139534884,"Dry-season median baseflow","Dry-season baseflow"
"28","HB","DS_Mag_50","INCImprovement","10 - 50%",3,74,4.05405405405405,4.05405405405405,"Dry-season median baseflow","Dry-season baseflow"
"29","HB","DS_Mag_50","BOImprovement","Over 50%",2,52,3.84615384615385,2.7027027027027,"Dry-season median baseflow","Dry-season baseflow"
"30","NAT & SB1","DS_Mag_50","INCImprovement","10 - 50%",2,279,0.716845878136201,0.716845878136201,"Dry-season median baseflow","Dry-season baseflow"
"31","SB0 & SB2","DS_Mag_50","BOImprovement","Over 50%",2,36,5.55555555555556,4.65116279069767,"Dry-season median baseflow","Dry-season baseflow"
"32","SB0 & SB2","DS_Mag_50","RefImprovement","No Action",2,43,4.65116279069767,4.65116279069767,"Dry-season median baseflow","Dry-season baseflow"
"33","SB0 & SB2","DS_Mag_50","INCImprovement","No Action",2,43,4.65116279069767,4.65116279069767,"Dry-season median baseflow","Dry-season baseflow"
"34","SB0 & SB2","DS_Mag_50","BOImprovement","No Action",2,36,5.55555555555556,4.65116279069767,"Dry-season median baseflow","Dry-season baseflow"
"35","SB0 & SB2","DS_Mag_50","BOImprovement","Less than 10%",2,36,5.55555555555556,4.65116279069767,"Dry-season median baseflow","Dry-season baseflow"
"36","HB","FA_Mag","RefImprovement","Over 50%",24,74,32.4324324324324,32.4324324324324,"Fall pulse magnitude","Fall pulse flow"
"37","HB","FA_Mag","INCImprovement","Less than 10%",42,74,56.7567567567568,56.7567567567568,"Fall pulse magnitude","Fall pulse flow"
"38","HB","FA_Mag","BOImprovement","10 - 50%",13,53,24.5283018867925,17.5675675675676,"Fall pulse magnitude","Fall pulse flow"
"39","NAT & SB1","FA_Mag","RefImprovement","No Action",145,279,51.9713261648746,51.9713261648746,"Fall pulse magnitude","Fall pulse flow"
"40","NAT & SB1","FA_Mag","INCImprovement","No Action",145,279,51.9713261648746,51.9713261648746,"Fall pulse magnitude","Fall pulse flow"
"41","NAT & SB1","FA_Mag","BOImprovement","No Action",145,264,54.9242424242424,51.9713261648746,"Fall pulse magnitude","Fall pulse flow"
"42","HB","FA_Mag","RefImprovement","Less than 10%",5,74,6.75675675675676,6.75675675675676,"Fall pulse magnitude","Fall pulse flow"
"43","NAT & SB1","FA_Mag","RefImprovement","Non-flow related",119,279,42.6523297491039,42.6523297491039,"Fall pulse magnitude","Fall pulse flow"
"44","NAT & SB1","FA_Mag","INCImprovement","Non-flow related",119,279,42.6523297491039,42.6523297491039,"Fall pulse magnitude","Fall pulse flow"
"45","NAT & SB1","FA_Mag","BOImprovement","Non-flow related",119,264,45.0757575757576,42.6523297491039,"Fall pulse magnitude","Fall pulse flow"
"46","HB","FA_Mag","RefImprovement","Non-flow related",31,74,41.8918918918919,41.8918918918919,"Fall pulse magnitude","Fall pulse flow"
"47","HB","FA_Mag","INCImprovement","Non-flow related",31,74,41.8918918918919,41.8918918918919,"Fall pulse magnitude","Fall pulse flow"
"48","HB","FA_Mag","BOImprovement","Non-flow related",31,53,58.4905660377358,41.8918918918919,"Fall pulse magnitude","Fall pulse flow"
"49","NAT & SB1","FA_Mag","RefImprovement","Over 50%",4,279,1.4336917562724,1.4336917562724,"Fall pulse magnitude","Fall pulse flow"
"50","NAT & SB1","FA_Mag","INCImprovement","10 - 50%",11,279,3.9426523297491,3.9426523297491,"Fall pulse magnitude","Fall pulse flow"
"51","HB","FA_Mag","BOImprovement","Over 50%",9,53,16.9811320754717,12.1621621621622,"Fall pulse magnitude","Fall pulse flow"
"52","SB0 & SB2","FA_Mag","RefImprovement","10 - 50%",10,43,23.2558139534884,23.2558139534884,"Fall pulse magnitude","Fall pulse flow"
"53","SB0 & SB2","FA_Mag","INCImprovement","10 - 50%",11,43,25.5813953488372,25.5813953488372,"Fall pulse magnitude","Fall pulse flow"
"54","SB0 & SB2","FA_Mag","BOImprovement","10 - 50%",9,39,23.0769230769231,20.9302325581395,"Fall pulse magnitude","Fall pulse flow"
"55","NAT & SB1","FA_Mag","RefImprovement","Less than 10%",2,279,0.716845878136201,0.716845878136201,"Fall pulse magnitude","Fall pulse flow"
"56","NAT & SB1","FA_Mag","INCImprovement","Less than 10%",4,279,1.4336917562724,1.4336917562724,"Fall pulse magnitude","Fall pulse flow"
"57","HB","FA_Mag","RefImprovement","10 - 50%",14,74,18.9189189189189,18.9189189189189,"Fall pulse magnitude","Fall pulse flow"
"58","NAT & SB1","FA_Mag","RefImprovement","10 - 50%",9,279,3.2258064516129,3.2258064516129,"Fall pulse magnitude","Fall pulse flow"
"59","SB0 & SB2","FA_Mag","RefImprovement","Non-flow related",25,43,58.1395348837209,58.1395348837209,"Fall pulse magnitude","Fall pulse flow"
"60","SB0 & SB2","FA_Mag","INCImprovement","Non-flow related",25,43,58.1395348837209,58.1395348837209,"Fall pulse magnitude","Fall pulse flow"
"61","SB0 & SB2","FA_Mag","BOImprovement","Non-flow related",25,39,64.1025641025641,58.1395348837209,"Fall pulse magnitude","Fall pulse flow"
"62","HB","FA_Mag","INCImprovement","10 - 50%",1,74,1.35135135135135,1.35135135135135,"Fall pulse magnitude","Fall pulse flow"
"63","SB0 & SB2","FA_Mag","RefImprovement","Less than 10%",2,43,4.65116279069767,4.65116279069767,"Fall pulse magnitude","Fall pulse flow"
"64","SB0 & SB2","FA_Mag","INCImprovement","Less than 10%",3,43,6.97674418604651,6.97674418604651,"Fall pulse magnitude","Fall pulse flow"
"65","SB0 & SB2","FA_Mag","RefImprovement","Over 50%",4,43,9.30232558139535,9.30232558139535,"Fall pulse magnitude","Fall pulse flow"
"66","SB0 & SB2","FA_Mag","BOImprovement","Over 50%",2,39,5.12820512820513,4.65116279069767,"Fall pulse magnitude","Fall pulse flow"
"67","SB0 & SB2","FA_Mag","INCImprovement","Over 50%",2,43,4.65116279069767,4.65116279069767,"Fall pulse magnitude","Fall pulse flow"
"68","SB0 & SB2","FA_Mag","RefImprovement","No Action",2,43,4.65116279069767,4.65116279069767,"Fall pulse magnitude","Fall pulse flow"
"69","SB0 & SB2","FA_Mag","INCImprovement","No Action",2,43,4.65116279069767,4.65116279069767,"Fall pulse magnitude","Fall pulse flow"
"70","SB0 & SB2","FA_Mag","BOImprovement","No Action",2,39,5.12820512820513,4.65116279069767,"Fall pulse magnitude","Fall pulse flow"
"71","SB0 & SB2","FA_Mag","BOImprovement","Less than 10%",1,39,2.56410256410256,2.32558139534884,"Fall pulse magnitude","Fall pulse flow"
"72","HB","Peak_10","RefImprovement","10 - 50%",15,74,20.2702702702703,20.2702702702703,"10-year flood magnitude","Peak flow"
"73","HB","Peak_10","INCImprovement","Less than 10%",26,74,35.1351351351351,35.1351351351351,"10-year flood magnitude","Peak flow"
"74","NAT & SB1","Peak_10","RefImprovement","No Action",145,279,51.9713261648746,51.9713261648746,"10-year flood magnitude","Peak flow"
"75","NAT & SB1","Peak_10","INCImprovement","No Action",145,279,51.9713261648746,51.9713261648746,"10-year flood magnitude","Peak flow"
"76","NAT & SB1","Peak_10","BOImprovement","No Action",145,251,57.7689243027888,51.9713261648746,"10-year flood magnitude","Peak flow"
"77","HB","Peak_10","RefImprovement","Non-flow related",48,74,64.8648648648649,64.8648648648649,"10-year flood magnitude","Peak flow"
"78","HB","Peak_10","INCImprovement","Non-flow related",48,74,64.8648648648649,64.8648648648649,"10-year flood magnitude","Peak flow"
"79","HB","Peak_10","BOImprovement","Non-flow related",48,48,100,64.8648648648649,"10-year flood magnitude","Peak flow"
"80","NAT & SB1","Peak_10","RefImprovement","Non-flow related",106,279,37.9928315412186,37.9928315412186,"10-year flood magnitude","Peak flow"
"81","NAT & SB1","Peak_10","INCImprovement","Non-flow related",106,279,37.9928315412186,37.9928315412186,"10-year flood magnitude","Peak flow"
"82","NAT & SB1","Peak_10","BOImprovement","Non-flow related",106,251,42.2310756972112,37.9928315412186,"10-year flood magnitude","Peak flow"
"83","NAT & SB1","Peak_10","RefImprovement","Over 50%",10,279,3.584229390681,3.584229390681,"10-year flood magnitude","Peak flow"
"84","NAT & SB1","Peak_10","INCImprovement","Less than 10%",28,279,10.0358422939068,10.0358422939068,"10-year flood magnitude","Peak flow"
"85","SB0 & SB2","Peak_10","RefImprovement","Over 50%",10,43,23.2558139534884,23.2558139534884,"10-year flood magnitude","Peak flow"
"86","SB0 & SB2","Peak_10","INCImprovement","Less than 10%",14,43,32.5581395348837,32.5581395348837,"10-year flood magnitude","Peak flow"
"87","SB0 & SB2","Peak_10","BOImprovement","10 - 50%",6,37,16.2162162162162,13.953488372093,"10-year flood magnitude","Peak flow"
"88","NAT & SB1","Peak_10","RefImprovement","10 - 50%",15,279,5.37634408602151,5.37634408602151,"10-year flood magnitude","Peak flow"
"89","HB","Peak_10","RefImprovement","Over 50%",11,74,14.8648648648649,14.8648648648649,"10-year flood magnitude","Peak flow"
"90","SB0 & SB2","Peak_10","RefImprovement","Non-flow related",27,43,62.7906976744186,62.7906976744186,"10-year flood magnitude","Peak flow"
"91","SB0 & SB2","Peak_10","INCImprovement","Non-flow related",27,43,62.7906976744186,62.7906976744186,"10-year flood magnitude","Peak flow"
"92","SB0 & SB2","Peak_10","BOImprovement","Non-flow related",27,37,72.972972972973,62.7906976744186,"10-year flood magnitude","Peak flow"
"93","NAT & SB1","Peak_10","RefImprovement","Less than 10%",3,279,1.0752688172043,1.0752688172043,"10-year flood magnitude","Peak flow"
"94","SB0 & SB2","Peak_10","RefImprovement","10 - 50%",3,43,6.97674418604651,6.97674418604651,"10-year flood magnitude","Peak flow"
"95","SB0 & SB2","Peak_10","BOImprovement","Over 50%",2,37,5.40540540540541,4.65116279069767,"10-year flood magnitude","Peak flow"
"96","SB0 & SB2","Peak_10","RefImprovement","Less than 10%",1,43,2.32558139534884,2.32558139534884,"10-year flood magnitude","Peak flow"
"97","SB0 & SB2","Peak_10","RefImprovement","No Action",2,43,4.65116279069767,4.65116279069767,"10-year flood magnitude","Peak flow"
"98","SB0 & SB2","Peak_10","INCImprovement","No Action",2,43,4.65116279069767,4.65116279069767,"10-year flood magnitude","Peak flow"
"99","SB0 & SB2","Peak_10","BOImprovement","No Action",2,37,5.40540540540541,4.65116279069767,"10-year flood magnitude","Peak flow"
"100","HB","Peak_2","RefImprovement","Non-flow related",67,74,90.5405405405405,90.5405405405405,"2-year flood magnitude","Peak flow"
"101","HB","Peak_2","INCImprovement","Non-flow related",67,74,90.5405405405405,90.5405405405405,"2-year flood magnitude","Peak flow"
"102","HB","Peak_2","BOImprovement","Non-flow related",67,68,98.5294117647059,90.5405405405405,"2-year flood magnitude","Peak flow"
"103","NAT & SB1","Peak_2","RefImprovement","No Action",145,279,51.9713261648746,51.9713261648746,"2-year flood magnitude","Peak flow"
"104","NAT & SB1","Peak_2","INCImprovement","No Action",145,279,51.9713261648746,51.9713261648746,"2-year flood magnitude","Peak flow"
"105","NAT & SB1","Peak_2","BOImprovement","No Action",145,251,57.7689243027888,51.9713261648746,"2-year flood magnitude","Peak flow"
"106","NAT & SB1","Peak_2","RefImprovement","Non-flow related",106,279,37.9928315412186,37.9928315412186,"2-year flood magnitude","Peak flow"
"107","NAT & SB1","Peak_2","INCImprovement","Non-flow related",106,279,37.9928315412186,37.9928315412186,"2-year flood magnitude","Peak flow"
"108","NAT & SB1","Peak_2","BOImprovement","Non-flow related",106,251,42.2310756972112,37.9928315412186,"2-year flood magnitude","Peak flow"
"109","NAT & SB1","Peak_2","RefImprovement","10 - 50%",18,279,6.45161290322581,6.45161290322581,"2-year flood magnitude","Peak flow"
"110","NAT & SB1","Peak_2","INCImprovement","Less than 10%",28,279,10.0358422939068,10.0358422939068,"2-year flood magnitude","Peak flow"
"111","NAT & SB1","Peak_2","RefImprovement","Over 50%",9,279,3.2258064516129,3.2258064516129,"2-year flood magnitude","Peak flow"
"112","HB","Peak_2","RefImprovement","10 - 50%",5,74,6.75675675675676,6.75675675675676,"2-year flood magnitude","Peak flow"
"113","HB","Peak_2","INCImprovement","Less than 10%",7,74,9.45945945945946,9.45945945945946,"2-year flood magnitude","Peak flow"
"114","SB0 & SB2","Peak_2","RefImprovement","Over 50%",7,43,16.2790697674419,16.2790697674419,"2-year flood magnitude","Peak flow"
"115","SB0 & SB2","Peak_2","INCImprovement","Less than 10%",12,43,27.906976744186,27.906976744186,"2-year flood magnitude","Peak flow"
"116","SB0 & SB2","Peak_2","BOImprovement","Over 50%",6,40,15,13.953488372093,"2-year flood magnitude","Peak flow"
"117","NAT & SB1","Peak_2","RefImprovement","Less than 10%",1,279,0.3584229390681,0.3584229390681,"2-year flood magnitude","Peak flow"
"118","SB0 & SB2","Peak_2","RefImprovement","Non-flow related",29,43,67.4418604651163,67.4418604651163,"2-year flood magnitude","Peak flow"
"119","SB0 & SB2","Peak_2","INCImprovement","Non-flow related",29,43,67.4418604651163,67.4418604651163,"2-year flood magnitude","Peak flow"
"120","SB0 & SB2","Peak_2","BOImprovement","Non-flow related",29,40,72.5,67.4418604651163,"2-year flood magnitude","Peak flow"
"121","HB","Peak_2","RefImprovement","Over 50%",1,74,1.35135135135135,1.35135135135135,"2-year flood magnitude","Peak flow"
"122","HB","Peak_2","BOImprovement","Over 50%",1,68,1.47058823529412,1.35135135135135,"2-year flood magnitude","Peak flow"
"123","SB0 & SB2","Peak_2","RefImprovement","Less than 10%",3,43,6.97674418604651,6.97674418604651,"2-year flood magnitude","Peak flow"
"124","SB0 & SB2","Peak_2","RefImprovement","10 - 50%",2,43,4.65116279069767,4.65116279069767,"2-year flood magnitude","Peak flow"
"125","SB0 & SB2","Peak_2","BOImprovement","10 - 50%",3,40,7.5,6.97674418604651,"2-year flood magnitude","Peak flow"
"126","HB","Peak_2","RefImprovement","Less than 10%",1,74,1.35135135135135,1.35135135135135,"2-year flood magnitude","Peak flow"
"127","SB0 & SB2","Peak_2","RefImprovement","No Action",2,43,4.65116279069767,4.65116279069767,"2-year flood magnitude","Peak flow"
"128","SB0 & SB2","Peak_2","INCImprovement","No Action",2,43,4.65116279069767,4.65116279069767,"2-year flood magnitude","Peak flow"
"129","SB0 & SB2","Peak_2","BOImprovement","No Action",2,40,5,4.65116279069767,"2-year flood magnitude","Peak flow"
"130","HB","Peak_5","RefImprovement","10 - 50%",19,74,25.6756756756757,25.6756756756757,"5-year flood magnitude","Peak flow"
"131","HB","Peak_5","INCImprovement","Less than 10%",24,74,32.4324324324324,32.4324324324324,"5-year flood magnitude","Peak flow"
"132","NAT & SB1","Peak_5","RefImprovement","No Action",145,279,51.9713261648746,51.9713261648746,"5-year flood magnitude","Peak flow"
"133","NAT & SB1","Peak_5","INCImprovement","No Action",145,279,51.9713261648746,51.9713261648746,"5-year flood magnitude","Peak flow"
"134","NAT & SB1","Peak_5","BOImprovement","No Action",145,258,56.2015503875969,51.9713261648746,"5-year flood magnitude","Peak flow"
"135","HB","Peak_5","RefImprovement","Non-flow related",50,74,67.5675675675676,67.5675675675676,"5-year flood magnitude","Peak flow"
"136","HB","Peak_5","INCImprovement","Non-flow related",50,74,67.5675675675676,67.5675675675676,"5-year flood magnitude","Peak flow"
"137","HB","Peak_5","BOImprovement","Non-flow related",50,50,100,67.5675675675676,"5-year flood magnitude","Peak flow"
"138","NAT & SB1","Peak_5","RefImprovement","Non-flow related",113,279,40.5017921146953,40.5017921146953,"5-year flood magnitude","Peak flow"
"139","NAT & SB1","Peak_5","INCImprovement","Non-flow related",113,279,40.5017921146953,40.5017921146953,"5-year flood magnitude","Peak flow"
"140","NAT & SB1","Peak_5","BOImprovement","Non-flow related",113,258,43.7984496124031,40.5017921146953,"5-year flood magnitude","Peak flow"
"141","NAT & SB1","Peak_5","RefImprovement","Over 50%",6,279,2.1505376344086,2.1505376344086,"5-year flood magnitude","Peak flow"
"142","NAT & SB1","Peak_5","INCImprovement","Less than 10%",21,279,7.52688172043011,7.52688172043011,"5-year flood magnitude","Peak flow"
"143","SB0 & SB2","Peak_5","RefImprovement","Over 50%",8,43,18.6046511627907,18.6046511627907,"5-year flood magnitude","Peak flow"
"144","SB0 & SB2","Peak_5","INCImprovement","Less than 10%",13,43,30.2325581395349,30.2325581395349,"5-year flood magnitude","Peak flow"
"145","SB0 & SB2","Peak_5","BOImprovement","Over 50%",7,41,17.0731707317073,16.2790697674419,"5-year flood magnitude","Peak flow"
"146","NAT & SB1","Peak_5","RefImprovement","10 - 50%",15,279,5.37634408602151,5.37634408602151,"5-year flood magnitude","Peak flow"
"147","HB","Peak_5","RefImprovement","Less than 10%",2,74,2.7027027027027,2.7027027027027,"5-year flood magnitude","Peak flow"
"148","SB0 & SB2","Peak_5","RefImprovement","Non-flow related",28,43,65.1162790697674,65.1162790697674,"5-year flood magnitude","Peak flow"
"149","SB0 & SB2","Peak_5","INCImprovement","Non-flow related",28,43,65.1162790697674,65.1162790697674,"5-year flood magnitude","Peak flow"
"150","SB0 & SB2","Peak_5","BOImprovement","Non-flow related",28,41,68.2926829268293,65.1162790697674,"5-year flood magnitude","Peak flow"
"151","HB","Peak_5","RefImprovement","Over 50%",3,74,4.05405405405405,4.05405405405405,"5-year flood magnitude","Peak flow"
"152","SB0 & SB2","Peak_5","RefImprovement","10 - 50%",5,43,11.6279069767442,11.6279069767442,"5-year flood magnitude","Peak flow"
"153","SB0 & SB2","Peak_5","BOImprovement","Less than 10%",1,41,2.4390243902439,2.32558139534884,"5-year flood magnitude","Peak flow"
"154","SB0 & SB2","Peak_5","BOImprovement","10 - 50%",3,41,7.31707317073171,6.97674418604651,"5-year flood magnitude","Peak flow"
"155","SB0 & SB2","Peak_5","RefImprovement","No Action",2,43,4.65116279069767,4.65116279069767,"5-year flood magnitude","Peak flow"
"156","SB0 & SB2","Peak_5","INCImprovement","No Action",2,43,4.65116279069767,4.65116279069767,"5-year flood magnitude","Peak flow"
"157","SB0 & SB2","Peak_5","BOImprovement","No Action",2,41,4.8780487804878,4.65116279069767,"5-year flood magnitude","Peak flow"
"158","HB","SP_Mag","RefImprovement","Non-flow related",73,74,98.6486486486486,98.6486486486486,"Spring recession magnitude","Spring recession flow"
"159","HB","SP_Mag","INCImprovement","Non-flow related",73,74,98.6486486486486,98.6486486486486,"Spring recession magnitude","Spring recession flow"
"160","HB","SP_Mag","BOImprovement","Non-flow related",73,73,100,98.6486486486486,"Spring recession magnitude","Spring recession flow"
"161","NAT & SB1","SP_Mag","RefImprovement","No Action",145,279,51.9713261648746,51.9713261648746,"Spring recession magnitude","Spring recession flow"
"162","NAT & SB1","SP_Mag","INCImprovement","No Action",145,279,51.9713261648746,51.9713261648746,"Spring recession magnitude","Spring recession flow"
"163","NAT & SB1","SP_Mag","BOImprovement","No Action",145,270,53.7037037037037,51.9713261648746,"Spring recession magnitude","Spring recession flow"
"164","NAT & SB1","SP_Mag","RefImprovement","Non-flow related",125,279,44.8028673835125,44.8028673835125,"Spring recession magnitude","Spring recession flow"
"165","NAT & SB1","SP_Mag","INCImprovement","Non-flow related",125,279,44.8028673835125,44.8028673835125,"Spring recession magnitude","Spring recession flow"
"166","NAT & SB1","SP_Mag","BOImprovement","Non-flow related",125,270,46.2962962962963,44.8028673835125,"Spring recession magnitude","Spring recession flow"
"167","SB0 & SB2","SP_Mag","RefImprovement","Non-flow related",40,43,93.0232558139535,93.0232558139535,"Spring recession magnitude","Spring recession flow"
"168","SB0 & SB2","SP_Mag","INCImprovement","Non-flow related",40,43,93.0232558139535,93.0232558139535,"Spring recession magnitude","Spring recession flow"
"169","SB0 & SB2","SP_Mag","BOImprovement","Non-flow related",40,43,93.0232558139535,93.0232558139535,"Spring recession magnitude","Spring recession flow"
"170","NAT & SB1","SP_Mag","RefImprovement","10 - 50%",9,279,3.2258064516129,3.2258064516129,"Spring recession magnitude","Spring recession flow"
"171","NAT & SB1","SP_Mag","INCImprovement","Less than 10%",9,279,3.2258064516129,3.2258064516129,"Spring recession magnitude","Spring recession flow"
"172","HB","SP_Mag","RefImprovement","10 - 50%",1,74,1.35135135135135,1.35135135135135,"Spring recession magnitude","Spring recession flow"
"173","HB","SP_Mag","INCImprovement","Less than 10%",1,74,1.35135135135135,1.35135135135135,"Spring recession magnitude","Spring recession flow"
"174","SB0 & SB2","SP_Mag","RefImprovement","No Action",2,43,4.65116279069767,4.65116279069767,"Spring recession magnitude","Spring recession flow"
"175","SB0 & SB2","SP_Mag","INCImprovement","No Action",2,43,4.65116279069767,4.65116279069767,"Spring recession magnitude","Spring recession flow"
"176","SB0 & SB2","SP_Mag","BOImprovement","No Action",2,43,4.65116279069767,4.65116279069767,"Spring recession magnitude","Spring recession flow"
"177","SB0 & SB2","SP_Mag","RefImprovement","10 - 50%",1,43,2.32558139534884,2.32558139534884,"Spring recession magnitude","Spring recession flow"
"178","SB0 & SB2","SP_Mag","INCImprovement","Less than 10%",1,43,2.32558139534884,2.32558139534884,"Spring recession magnitude","Spring recession flow"
"179","SB0 & SB2","SP_Mag","BOImprovement","10 - 50%",1,43,2.32558139534884,2.32558139534884,"Spring recession magnitude","Spring recession flow"
"180","HB","Wet_BFL_Mag_10","RefImprovement","10 - 50%",20,74,27.027027027027,27.027027027027,"Wet-season low baseflow","Wet-season baseflow"
"181","HB","Wet_BFL_Mag_10","INCImprovement","Over 50%",34,74,45.945945945946,45.945945945946,"Wet-season low baseflow","Wet-season baseflow"
"182","NAT & SB1","Wet_BFL_Mag_10","RefImprovement","No Action",145,279,51.9713261648746,51.9713261648746,"Wet-season low baseflow","Wet-season baseflow"
"183","NAT & SB1","Wet_BFL_Mag_10","INCImprovement","No Action",145,279,51.9713261648746,51.9713261648746,"Wet-season low baseflow","Wet-season baseflow"
"184","NAT & SB1","Wet_BFL_Mag_10","BOImprovement","No Action",145,245,59.1836734693878,51.9713261648746,"Wet-season low baseflow","Wet-season baseflow"
"185","HB","Wet_BFL_Mag_10","RefImprovement","Non-flow related",39,74,52.7027027027027,52.7027027027027,"Wet-season low baseflow","Wet-season baseflow"
"186","HB","Wet_BFL_Mag_10","INCImprovement","Non-flow related",39,74,52.7027027027027,52.7027027027027,"Wet-season low baseflow","Wet-season baseflow"
"187","HB","Wet_BFL_Mag_10","BOImprovement","Non-flow related",39,40,97.5,52.7027027027027,"Wet-season low baseflow","Wet-season baseflow"
"188","NAT & SB1","Wet_BFL_Mag_10","RefImprovement","Non-flow related",100,279,35.84229390681,35.84229390681,"Wet-season low baseflow","Wet-season baseflow"
"189","NAT & SB1","Wet_BFL_Mag_10","INCImprovement","Non-flow related",100,279,35.84229390681,35.84229390681,"Wet-season low baseflow","Wet-season baseflow"
"190","NAT & SB1","Wet_BFL_Mag_10","BOImprovement","Non-flow related",100,245,40.8163265306122,35.84229390681,"Wet-season low baseflow","Wet-season baseflow"
"191","NAT & SB1","Wet_BFL_Mag_10","RefImprovement","Over 50%",11,279,3.9426523297491,3.9426523297491,"Wet-season low baseflow","Wet-season baseflow"
"192","NAT & SB1","Wet_BFL_Mag_10","INCImprovement","Over 50%",34,279,12.1863799283154,12.1863799283154,"Wet-season low baseflow","Wet-season baseflow"
"193","HB","Wet_BFL_Mag_10","RefImprovement","Over 50%",15,74,20.2702702702703,20.2702702702703,"Wet-season low baseflow","Wet-season baseflow"
"194","SB0 & SB2","Wet_BFL_Mag_10","RefImprovement","Over 50%",11,43,25.5813953488372,25.5813953488372,"Wet-season low baseflow","Wet-season baseflow"
"195","SB0 & SB2","Wet_BFL_Mag_10","INCImprovement","Over 50%",16,43,37.2093023255814,37.2093023255814,"Wet-season low baseflow","Wet-season baseflow"
"196","SB0 & SB2","Wet_BFL_Mag_10","BOImprovement","Over 50%",7,39,17.9487179487179,16.2790697674419,"Wet-season low baseflow","Wet-season baseflow"
"197","NAT & SB1","Wet_BFL_Mag_10","RefImprovement","10 - 50%",20,279,7.16845878136201,7.16845878136201,"Wet-season low baseflow","Wet-season baseflow"
"198","NAT & SB1","Wet_BFL_Mag_10","RefImprovement","Less than 10%",3,279,1.0752688172043,1.0752688172043,"Wet-season low baseflow","Wet-season baseflow"
"199","SB0 & SB2","Wet_BFL_Mag_10","RefImprovement","Non-flow related",25,43,58.1395348837209,58.1395348837209,"Wet-season low baseflow","Wet-season baseflow"
"200","SB0 & SB2","Wet_BFL_Mag_10","INCImprovement","Non-flow related",25,43,58.1395348837209,58.1395348837209,"Wet-season low baseflow","Wet-season baseflow"
"201","SB0 & SB2","Wet_BFL_Mag_10","BOImprovement","Non-flow related",25,39,64.1025641025641,58.1395348837209,"Wet-season low baseflow","Wet-season baseflow"
"202","HB","Wet_BFL_Mag_10","BOImprovement","Over 50%",1,40,2.5,1.35135135135135,"Wet-season low baseflow","Wet-season baseflow"
"203","SB0 & SB2","Wet_BFL_Mag_10","RefImprovement","Less than 10%",1,43,2.32558139534884,2.32558139534884,"Wet-season low baseflow","Wet-season baseflow"
"204","SB0 & SB2","Wet_BFL_Mag_10","BOImprovement","10 - 50%",5,39,12.8205128205128,11.6279069767442,"Wet-season low baseflow","Wet-season baseflow"
"205","SB0 & SB2","Wet_BFL_Mag_10","RefImprovement","10 - 50%",4,43,9.30232558139535,9.30232558139535,"Wet-season low baseflow","Wet-season baseflow"
"206","SB0 & SB2","Wet_BFL_Mag_10","RefImprovement","No Action",2,43,4.65116279069767,4.65116279069767,"Wet-season low baseflow","Wet-season baseflow"
"207","SB0 & SB2","Wet_BFL_Mag_10","INCImprovement","No Action",2,43,4.65116279069767,4.65116279069767,"Wet-season low baseflow","Wet-season baseflow"
"208","SB0 & SB2","Wet_BFL_Mag_10","BOImprovement","No Action",2,39,5.12820512820513,4.65116279069767,"Wet-season low baseflow","Wet-season baseflow"
"209","HB","Wet_BFL_Mag_10","INCImprovement","10 - 50%",1,74,1.35135135135135,1.35135135135135,"Wet-season low baseflow","Wet-season baseflow"
"210","HB","Wet_BFL_Mag_50","RefImprovement","Non-flow related",64,74,86.4864864864865,86.4864864864865,"Wet-season median baseflow","Wet-season baseflow"
"211","HB","Wet_BFL_Mag_50","INCImprovement","Non-flow related",64,74,86.4864864864865,86.4864864864865,"Wet-season median baseflow","Wet-season baseflow"
"212","HB","Wet_BFL_Mag_50","BOImprovement","Non-flow related",64,64,100,86.4864864864865,"Wet-season median baseflow","Wet-season baseflow"
"213","NAT & SB1","Wet_BFL_Mag_50","RefImprovement","No Action",145,279,51.9713261648746,51.9713261648746,"Wet-season median baseflow","Wet-season baseflow"
"214","NAT & SB1","Wet_BFL_Mag_50","INCImprovement","No Action",145,279,51.9713261648746,51.9713261648746,"Wet-season median baseflow","Wet-season baseflow"
"215","NAT & SB1","Wet_BFL_Mag_50","BOImprovement","No Action",145,263,55.1330798479088,51.9713261648746,"Wet-season median baseflow","Wet-season baseflow"
"216","NAT & SB1","Wet_BFL_Mag_50","RefImprovement","Non-flow related",118,279,42.2939068100358,42.2939068100358,"Wet-season median baseflow","Wet-season baseflow"
"217","NAT & SB1","Wet_BFL_Mag_50","INCImprovement","Non-flow related",118,279,42.2939068100358,42.2939068100358,"Wet-season median baseflow","Wet-season baseflow"
"218","NAT & SB1","Wet_BFL_Mag_50","BOImprovement","Non-flow related",118,263,44.8669201520913,42.2939068100358,"Wet-season median baseflow","Wet-season baseflow"
"219","NAT & SB1","Wet_BFL_Mag_50","RefImprovement","10 - 50%",10,279,3.584229390681,3.584229390681,"Wet-season median baseflow","Wet-season baseflow"
"220","NAT & SB1","Wet_BFL_Mag_50","INCImprovement","10 - 50%",1,279,0.3584229390681,0.3584229390681,"Wet-season median baseflow","Wet-season baseflow"
"221","HB","Wet_BFL_Mag_50","RefImprovement","10 - 50%",6,74,8.10810810810811,8.10810810810811,"Wet-season median baseflow","Wet-season baseflow"
"222","HB","Wet_BFL_Mag_50","INCImprovement","Over 50%",8,74,10.8108108108108,10.8108108108108,"Wet-season median baseflow","Wet-season baseflow"
"223","SB0 & SB2","Wet_BFL_Mag_50","RefImprovement","10 - 50%",8,43,18.6046511627907,18.6046511627907,"Wet-season median baseflow","Wet-season baseflow"
"224","SB0 & SB2","Wet_BFL_Mag_50","INCImprovement","10 - 50%",6,43,13.953488372093,13.953488372093,"Wet-season median baseflow","Wet-season baseflow"
"225","SB0 & SB2","Wet_BFL_Mag_50","BOImprovement","Less than 10%",6,42,14.2857142857143,13.953488372093,"Wet-season median baseflow","Wet-season baseflow"
"226","NAT & SB1","Wet_BFL_Mag_50","INCImprovement","Over 50%",15,279,5.37634408602151,5.37634408602151,"Wet-season median baseflow","Wet-season baseflow"
"227","SB0 & SB2","Wet_BFL_Mag_50","RefImprovement","Non-flow related",32,43,74.4186046511628,74.4186046511628,"Wet-season median baseflow","Wet-season baseflow"
"228","SB0 & SB2","Wet_BFL_Mag_50","INCImprovement","Non-flow related",32,43,74.4186046511628,74.4186046511628,"Wet-season median baseflow","Wet-season baseflow"
"229","SB0 & SB2","Wet_BFL_Mag_50","BOImprovement","Non-flow related",32,42,76.1904761904762,74.4186046511628,"Wet-season median baseflow","Wet-season baseflow"
"230","HB","Wet_BFL_Mag_50","RefImprovement","Less than 10%",1,74,1.35135135135135,1.35135135135135,"Wet-season median baseflow","Wet-season baseflow"
"231","NAT & SB1","Wet_BFL_Mag_50","RefImprovement","Less than 10%",5,279,1.7921146953405,1.7921146953405,"Wet-season median baseflow","Wet-season baseflow"
"232","SB0 & SB2","Wet_BFL_Mag_50","INCImprovement","Over 50%",3,43,6.97674418604651,6.97674418604651,"Wet-season median baseflow","Wet-season baseflow"
"233","SB0 & SB2","Wet_BFL_Mag_50","BOImprovement","10 - 50%",2,42,4.76190476190476,4.65116279069767,"Wet-season median baseflow","Wet-season baseflow"
"234","SB0 & SB2","Wet_BFL_Mag_50","RefImprovement","Less than 10%",1,43,2.32558139534884,2.32558139534884,"Wet-season median baseflow","Wet-season baseflow"
"235","HB","Wet_BFL_Mag_50","RefImprovement","Over 50%",3,74,4.05405405405405,4.05405405405405,"Wet-season median baseflow","Wet-season baseflow"
"236","HB","Wet_BFL_Mag_50","INCImprovement","Less than 10%",2,74,2.7027027027027,2.7027027027027,"Wet-season median baseflow","Wet-season baseflow"
"237","SB0 & SB2","Wet_BFL_Mag_50","RefImprovement","No Action",2,43,4.65116279069767,4.65116279069767,"Wet-season median baseflow","Wet-season baseflow"
"238","SB0 & SB2","Wet_BFL_Mag_50","INCImprovement","No Action",2,43,4.65116279069767,4.65116279069767,"Wet-season median baseflow","Wet-season baseflow"
"239","SB0 & SB2","Wet_BFL_Mag_50","BOImprovement","No Action",2,42,4.76190476190476,4.65116279069767,"Wet-season median baseflow","Wet-season baseflow"
"240","NAT & SB1","Wet_BFL_Mag_50","RefImprovement","Over 50%",1,279,0.3584229390681,0.3584229390681,"Wet-season median baseflow","Wet-season baseflow"
"241","HB","Q99","RefImprovement","Non-flow related",65,74,87.8378378378378,87.8378378378378,"Peak Flow Magnitude (Q99, cfs)","Peak Flow Magnitude"
"242","HB","Q99","INCImprovement","Non-flow related",65,74,87.8378378378378,87.8378378378378,"Peak Flow Magnitude (Q99, cfs)","Peak Flow Magnitude"
"243","HB","Q99","BOImprovement","Non-flow related",65,66,98.4848484848485,87.8378378378378,"Peak Flow Magnitude (Q99, cfs)","Peak Flow Magnitude"
"244","NAT & SB1","Q99","RefImprovement","No Action",145,279,51.9713261648746,51.9713261648746,"Peak Flow Magnitude (Q99, cfs)","Peak Flow Magnitude"
"245","NAT & SB1","Q99","INCImprovement","No Action",145,279,51.9713261648746,51.9713261648746,"Peak Flow Magnitude (Q99, cfs)","Peak Flow Magnitude"
"246","NAT & SB1","Q99","BOImprovement","No Action",145,268,54.1044776119403,51.9713261648746,"Peak Flow Magnitude (Q99, cfs)","Peak Flow Magnitude"
"247","NAT & SB1","Q99","RefImprovement","Non-flow related",123,279,44.0860215053763,44.0860215053763,"Peak Flow Magnitude (Q99, cfs)","Peak Flow Magnitude"
"248","NAT & SB1","Q99","INCImprovement","Non-flow related",123,279,44.0860215053763,44.0860215053763,"Peak Flow Magnitude (Q99, cfs)","Peak Flow Magnitude"
"249","NAT & SB1","Q99","BOImprovement","Non-flow related",123,268,45.8955223880597,44.0860215053763,"Peak Flow Magnitude (Q99, cfs)","Peak Flow Magnitude"
"250","NAT & SB1","Q99","RefImprovement","Over 50%",1,279,0.3584229390681,0.3584229390681,"Peak Flow Magnitude (Q99, cfs)","Peak Flow Magnitude"
"251","NAT & SB1","Q99","INCImprovement","Less than 10%",11,279,3.9426523297491,3.9426523297491,"Peak Flow Magnitude (Q99, cfs)","Peak Flow Magnitude"
"252","SB0 & SB2","Q99","RefImprovement","Over 50%",6,43,13.953488372093,13.953488372093,"Peak Flow Magnitude (Q99, cfs)","Peak Flow Magnitude"
"253","SB0 & SB2","Q99","INCImprovement","Less than 10%",12,43,27.906976744186,27.906976744186,"Peak Flow Magnitude (Q99, cfs)","Peak Flow Magnitude"
"254","SB0 & SB2","Q99","BOImprovement","Over 50%",6,39,15.3846153846154,13.953488372093,"Peak Flow Magnitude (Q99, cfs)","Peak Flow Magnitude"
"255","HB","Q99","RefImprovement","Over 50%",7,74,9.45945945945946,9.45945945945946,"Peak Flow Magnitude (Q99, cfs)","Peak Flow Magnitude"
"256","HB","Q99","INCImprovement","Less than 10%",9,74,12.1621621621622,12.1621621621622,"Peak Flow Magnitude (Q99, cfs)","Peak Flow Magnitude"
"257","SB0 & SB2","Q99","RefImprovement","Non-flow related",29,43,67.4418604651163,67.4418604651163,"Peak Flow Magnitude (Q99, cfs)","Peak Flow Magnitude"
"258","SB0 & SB2","Q99","INCImprovement","Non-flow related",29,43,67.4418604651163,67.4418604651163,"Peak Flow Magnitude (Q99, cfs)","Peak Flow Magnitude"
"259","SB0 & SB2","Q99","BOImprovement","Non-flow related",29,39,74.3589743589744,67.4418604651163,"Peak Flow Magnitude (Q99, cfs)","Peak Flow Magnitude"
"260","HB","Q99","BOImprovement","Over 50%",1,66,1.51515151515152,1.35135135135135,"Peak Flow Magnitude (Q99, cfs)","Peak Flow Magnitude"
"261","NAT & SB1","Q99","RefImprovement","10 - 50%",10,279,3.584229390681,3.584229390681,"Peak Flow Magnitude (Q99, cfs)","Peak Flow Magnitude"
"262","SB0 & SB2","Q99","RefImprovement","10 - 50%",6,43,13.953488372093,13.953488372093,"Peak Flow Magnitude (Q99, cfs)","Peak Flow Magnitude"
"263","HB","Q99","RefImprovement","10 - 50%",1,74,1.35135135135135,1.35135135135135,"Peak Flow Magnitude (Q99, cfs)","Peak Flow Magnitude"
"264","SB0 & SB2","Q99","BOImprovement","10 - 50%",2,39,5.12820512820513,4.65116279069767,"Peak Flow Magnitude (Q99, cfs)","Peak Flow Magnitude"
"265","SB0 & SB2","Q99","RefImprovement","No Action",2,43,4.65116279069767,4.65116279069767,"Peak Flow Magnitude (Q99, cfs)","Peak Flow Magnitude"
"266","SB0 & SB2","Q99","INCImprovement","No Action",2,43,4.65116279069767,4.65116279069767,"Peak Flow Magnitude (Q99, cfs)","Peak Flow Magnitude"
"267","SB0 & SB2","Q99","BOImprovement","No Action",2,39,5.12820512820513,4.65116279069767,"Peak Flow Magnitude (Q99, cfs)","Peak Flow Magnitude"
"268","HB","Q99","RefImprovement","Less than 10%",1,74,1.35135135135135,1.35135135135135,"Peak Flow Magnitude (Q99, cfs)","Peak Flow Magnitude"
"269","All","DS_Mag_50","RefImprovement","Over 50%",39,396,9.84848484848485,52.7027027027027,"Dry-season median baseflow","Dry-season baseflow"
"270","All","DS_Mag_50","INCImprovement","Over 50%",68,396,17.1717171717172,91.8918918918919,"Dry-season median baseflow","Dry-season baseflow"
"271","All","DS_Mag_50","RefImprovement","No Action",147,396,37.1212121212121,52.6881720430108,"Dry-season median baseflow","Dry-season baseflow"
"272","All","DS_Mag_50","INCImprovement","No Action",147,396,37.1212121212121,52.6881720430108,"Dry-season median baseflow","Dry-season baseflow"
"273","All","DS_Mag_50","BOImprovement","No Action",147,345,42.6086956521739,52.6881720430108,"Dry-season median baseflow","Dry-season baseflow"
"274","All","DS_Mag_50","RefImprovement","Non-flow related",175,396,44.1919191919192,236.486486486486,"Dry-season median baseflow","Dry-season baseflow"
"275","All","DS_Mag_50","INCImprovement","Non-flow related",175,396,44.1919191919192,236.486486486486,"Dry-season median baseflow","Dry-season baseflow"
"276","All","DS_Mag_50","BOImprovement","Non-flow related",175,345,50.7246376811594,236.486486486486,"Dry-season median baseflow","Dry-season baseflow"
"277","All","DS_Mag_50","RefImprovement","Non-flow related",175,396,44.1919191919192,62.7240143369176,"Dry-season median baseflow","Dry-season baseflow"
"278","All","DS_Mag_50","INCImprovement","Non-flow related",175,396,44.1919191919192,62.7240143369176,"Dry-season median baseflow","Dry-season baseflow"
"279","All","DS_Mag_50","BOImprovement","Non-flow related",175,345,50.7246376811594,62.7240143369176,"Dry-season median baseflow","Dry-season baseflow"
"280","All","DS_Mag_50","BOImprovement","10 - 50%",13,345,3.76811594202899,17.5675675675676,"Dry-season median baseflow","Dry-season baseflow"
"281","All","DS_Mag_50","RefImprovement","10 - 50%",28,396,7.07070707070707,65.1162790697674,"Dry-season median baseflow","Dry-season baseflow"
"282","All","DS_Mag_50","INCImprovement","Over 50%",68,396,17.1717171717172,158.139534883721,"Dry-season median baseflow","Dry-season baseflow"
"283","All","DS_Mag_50","RefImprovement","10 - 50%",28,396,7.07070707070707,37.8378378378378,"Dry-season median baseflow","Dry-season baseflow"
"284","All","DS_Mag_50","BOImprovement","Less than 10%",6,345,1.73913043478261,8.10810810810811,"Dry-season median baseflow","Dry-season baseflow"
"285","All","DS_Mag_50","RefImprovement","Less than 10%",7,396,1.76767676767677,2.5089605734767,"Dry-season median baseflow","Dry-season baseflow"
"286","All","DS_Mag_50","INCImprovement","Over 50%",68,396,17.1717171717172,24.3727598566308,"Dry-season median baseflow","Dry-season baseflow"
"287","All","DS_Mag_50","RefImprovement","10 - 50%",28,396,7.07070707070707,10.0358422939068,"Dry-season median baseflow","Dry-season baseflow"
"288","All","DS_Mag_50","RefImprovement","Non-flow related",175,396,44.1919191919192,406.976744186047,"Dry-season median baseflow","Dry-season baseflow"
"289","All","DS_Mag_50","INCImprovement","Non-flow related",175,396,44.1919191919192,406.976744186047,"Dry-season median baseflow","Dry-season baseflow"
"290","All","DS_Mag_50","BOImprovement","Non-flow related",175,345,50.7246376811594,406.976744186047,"Dry-season median baseflow","Dry-season baseflow"
"291","All","DS_Mag_50","RefImprovement","Over 50%",39,396,9.84848484848485,13.9784946236559,"Dry-season median baseflow","Dry-season baseflow"
"292","All","DS_Mag_50","RefImprovement","Less than 10%",7,396,1.76767676767677,16.2790697674419,"Dry-season median baseflow","Dry-season baseflow"
"293","All","DS_Mag_50","BOImprovement","10 - 50%",13,345,3.76811594202899,30.2325581395349,"Dry-season median baseflow","Dry-season baseflow"
"294","All","DS_Mag_50","RefImprovement","Over 50%",39,396,9.84848484848485,90.6976744186046,"Dry-season median baseflow","Dry-season baseflow"
"295","All","DS_Mag_50","INCImprovement","10 - 50%",6,396,1.51515151515152,13.953488372093,"Dry-season median baseflow","Dry-season baseflow"
"296","All","DS_Mag_50","INCImprovement","10 - 50%",6,396,1.51515151515152,8.10810810810811,"Dry-season median baseflow","Dry-season baseflow"
"297","All","DS_Mag_50","BOImprovement","Over 50%",4,345,1.15942028985507,5.40540540540541,"Dry-season median baseflow","Dry-season baseflow"
"298","All","DS_Mag_50","INCImprovement","10 - 50%",6,396,1.51515151515152,2.1505376344086,"Dry-season median baseflow","Dry-season baseflow"
"299","All","DS_Mag_50","BOImprovement","Over 50%",4,345,1.15942028985507,9.30232558139535,"Dry-season median baseflow","Dry-season baseflow"
"300","All","DS_Mag_50","RefImprovement","No Action",147,396,37.1212121212121,341.860465116279,"Dry-season median baseflow","Dry-season baseflow"
"301","All","DS_Mag_50","INCImprovement","No Action",147,396,37.1212121212121,341.860465116279,"Dry-season median baseflow","Dry-season baseflow"
"302","All","DS_Mag_50","BOImprovement","No Action",147,345,42.6086956521739,341.860465116279,"Dry-season median baseflow","Dry-season baseflow"
"303","All","DS_Mag_50","BOImprovement","Less than 10%",6,345,1.73913043478261,13.953488372093,"Dry-season median baseflow","Dry-season baseflow"
"304","All","FA_Mag","RefImprovement","Over 50%",32,396,8.08080808080808,43.2432432432432,"Fall pulse magnitude","Fall pulse flow"
"305","All","FA_Mag","INCImprovement","Less than 10%",49,396,12.3737373737374,66.2162162162162,"Fall pulse magnitude","Fall pulse flow"
"306","All","FA_Mag","BOImprovement","10 - 50%",22,356,6.17977528089888,29.7297297297297,"Fall pulse magnitude","Fall pulse flow"
"307","All","FA_Mag","RefImprovement","No Action",147,396,37.1212121212121,52.6881720430108,"Fall pulse magnitude","Fall pulse flow"
"308","All","FA_Mag","INCImprovement","No Action",147,396,37.1212121212121,52.6881720430108,"Fall pulse magnitude","Fall pulse flow"
"309","All","FA_Mag","BOImprovement","No Action",147,356,41.2921348314607,52.6881720430108,"Fall pulse magnitude","Fall pulse flow"
"310","All","FA_Mag","RefImprovement","Less than 10%",9,396,2.27272727272727,12.1621621621622,"Fall pulse magnitude","Fall pulse flow"
"311","All","FA_Mag","RefImprovement","Non-flow related",175,396,44.1919191919192,62.7240143369176,"Fall pulse magnitude","Fall pulse flow"
"312","All","FA_Mag","INCImprovement","Non-flow related",175,396,44.1919191919192,62.7240143369176,"Fall pulse magnitude","Fall pulse flow"
"313","All","FA_Mag","BOImprovement","Non-flow related",175,356,49.1573033707865,62.7240143369176,"Fall pulse magnitude","Fall pulse flow"
"314","All","FA_Mag","RefImprovement","Non-flow related",175,396,44.1919191919192,236.486486486486,"Fall pulse magnitude","Fall pulse flow"
"315","All","FA_Mag","INCImprovement","Non-flow related",175,396,44.1919191919192,236.486486486486,"Fall pulse magnitude","Fall pulse flow"
"316","All","FA_Mag","BOImprovement","Non-flow related",175,356,49.1573033707865,236.486486486486,"Fall pulse magnitude","Fall pulse flow"
"317","All","FA_Mag","RefImprovement","Over 50%",32,396,8.08080808080808,11.4695340501792,"Fall pulse magnitude","Fall pulse flow"
"318","All","FA_Mag","INCImprovement","10 - 50%",23,396,5.80808080808081,8.24372759856631,"Fall pulse magnitude","Fall pulse flow"
"319","All","FA_Mag","BOImprovement","Over 50%",11,356,3.08988764044944,14.8648648648649,"Fall pulse magnitude","Fall pulse flow"
"320","All","FA_Mag","RefImprovement","10 - 50%",33,396,8.33333333333333,76.7441860465116,"Fall pulse magnitude","Fall pulse flow"
"321","All","FA_Mag","INCImprovement","10 - 50%",23,396,5.80808080808081,53.4883720930233,"Fall pulse magnitude","Fall pulse flow"
"322","All","FA_Mag","BOImprovement","10 - 50%",22,356,6.17977528089888,51.1627906976744,"Fall pulse magnitude","Fall pulse flow"
"323","All","FA_Mag","RefImprovement","Less than 10%",9,396,2.27272727272727,3.2258064516129,"Fall pulse magnitude","Fall pulse flow"
"324","All","FA_Mag","INCImprovement","Less than 10%",49,396,12.3737373737374,17.5627240143369,"Fall pulse magnitude","Fall pulse flow"
"325","All","FA_Mag","RefImprovement","10 - 50%",33,396,8.33333333333333,44.5945945945946,"Fall pulse magnitude","Fall pulse flow"
"326","All","FA_Mag","RefImprovement","10 - 50%",33,396,8.33333333333333,11.8279569892473,"Fall pulse magnitude","Fall pulse flow"
"327","All","FA_Mag","RefImprovement","Non-flow related",175,396,44.1919191919192,406.976744186047,"Fall pulse magnitude","Fall pulse flow"
"328","All","FA_Mag","INCImprovement","Non-flow related",175,396,44.1919191919192,406.976744186047,"Fall pulse magnitude","Fall pulse flow"
"329","All","FA_Mag","BOImprovement","Non-flow related",175,356,49.1573033707865,406.976744186047,"Fall pulse magnitude","Fall pulse flow"
"330","All","FA_Mag","INCImprovement","10 - 50%",23,396,5.80808080808081,31.0810810810811,"Fall pulse magnitude","Fall pulse flow"
"331","All","FA_Mag","RefImprovement","Less than 10%",9,396,2.27272727272727,20.9302325581395,"Fall pulse magnitude","Fall pulse flow"
"332","All","FA_Mag","INCImprovement","Less than 10%",49,396,12.3737373737374,113.953488372093,"Fall pulse magnitude","Fall pulse flow"
"333","All","FA_Mag","RefImprovement","Over 50%",32,396,8.08080808080808,74.4186046511628,"Fall pulse magnitude","Fall pulse flow"
"334","All","FA_Mag","BOImprovement","Over 50%",11,356,3.08988764044944,25.5813953488372,"Fall pulse magnitude","Fall pulse flow"
"335","All","FA_Mag","INCImprovement","Over 50%",2,396,0.505050505050505,4.65116279069767,"Fall pulse magnitude","Fall pulse flow"
"336","All","FA_Mag","RefImprovement","No Action",147,396,37.1212121212121,341.860465116279,"Fall pulse magnitude","Fall pulse flow"
"337","All","FA_Mag","INCImprovement","No Action",147,396,37.1212121212121,341.860465116279,"Fall pulse magnitude","Fall pulse flow"
"338","All","FA_Mag","BOImprovement","No Action",147,356,41.2921348314607,341.860465116279,"Fall pulse magnitude","Fall pulse flow"
"339","All","FA_Mag","BOImprovement","Less than 10%",1,356,0.280898876404494,2.32558139534884,"Fall pulse magnitude","Fall pulse flow"
"340","All","Peak_10","RefImprovement","10 - 50%",33,396,8.33333333333333,44.5945945945946,"10-year flood magnitude","Peak flow"
"341","All","Peak_10","INCImprovement","Less than 10%",68,396,17.1717171717172,91.8918918918919,"10-year flood magnitude","Peak flow"
"342","All","Peak_10","RefImprovement","No Action",147,396,37.1212121212121,52.6881720430108,"10-year flood magnitude","Peak flow"
"343","All","Peak_10","INCImprovement","No Action",147,396,37.1212121212121,52.6881720430108,"10-year flood magnitude","Peak flow"
"344","All","Peak_10","BOImprovement","No Action",147,336,43.75,52.6881720430108,"10-year flood magnitude","Peak flow"
"345","All","Peak_10","RefImprovement","Non-flow related",181,396,45.7070707070707,244.594594594595,"10-year flood magnitude","Peak flow"
"346","All","Peak_10","INCImprovement","Non-flow related",181,396,45.7070707070707,244.594594594595,"10-year flood magnitude","Peak flow"
"347","All","Peak_10","BOImprovement","Non-flow related",181,336,53.8690476190476,244.594594594595,"10-year flood magnitude","Peak flow"
"348","All","Peak_10","RefImprovement","Non-flow related",181,396,45.7070707070707,64.8745519713262,"10-year flood magnitude","Peak flow"
"349","All","Peak_10","INCImprovement","Non-flow related",181,396,45.7070707070707,64.8745519713262,"10-year flood magnitude","Peak flow"
"350","All","Peak_10","BOImprovement","Non-flow related",181,336,53.8690476190476,64.8745519713262,"10-year flood magnitude","Peak flow"
"351","All","Peak_10","RefImprovement","Over 50%",31,396,7.82828282828283,11.1111111111111,"10-year flood magnitude","Peak flow"
"352","All","Peak_10","INCImprovement","Less than 10%",68,396,17.1717171717172,24.3727598566308,"10-year flood magnitude","Peak flow"
"353","All","Peak_10","RefImprovement","Over 50%",31,396,7.82828282828283,72.0930232558139,"10-year flood magnitude","Peak flow"
"354","All","Peak_10","INCImprovement","Less than 10%",68,396,17.1717171717172,158.139534883721,"10-year flood magnitude","Peak flow"
"355","All","Peak_10","BOImprovement","10 - 50%",6,336,1.78571428571429,13.953488372093,"10-year flood magnitude","Peak flow"
"356","All","Peak_10","RefImprovement","10 - 50%",33,396,8.33333333333333,11.8279569892473,"10-year flood magnitude","Peak flow"
"357","All","Peak_10","RefImprovement","Over 50%",31,396,7.82828282828283,41.8918918918919,"10-year flood magnitude","Peak flow"
"358","All","Peak_10","RefImprovement","Non-flow related",181,396,45.7070707070707,420.93023255814,"10-year flood magnitude","Peak flow"
"359","All","Peak_10","INCImprovement","Non-flow related",181,396,45.7070707070707,420.93023255814,"10-year flood magnitude","Peak flow"
"360","All","Peak_10","BOImprovement","Non-flow related",181,336,53.8690476190476,420.93023255814,"10-year flood magnitude","Peak flow"
"361","All","Peak_10","RefImprovement","Less than 10%",4,396,1.01010101010101,1.4336917562724,"10-year flood magnitude","Peak flow"
"362","All","Peak_10","RefImprovement","10 - 50%",33,396,8.33333333333333,76.7441860465116,"10-year flood magnitude","Peak flow"
"363","All","Peak_10","BOImprovement","Over 50%",2,336,0.595238095238095,4.65116279069767,"10-year flood magnitude","Peak flow"
"364","All","Peak_10","RefImprovement","Less than 10%",4,396,1.01010101010101,9.30232558139535,"10-year flood magnitude","Peak flow"
"365","All","Peak_10","RefImprovement","No Action",147,396,37.1212121212121,341.860465116279,"10-year flood magnitude","Peak flow"
"366","All","Peak_10","INCImprovement","No Action",147,396,37.1212121212121,341.860465116279,"10-year flood magnitude","Peak flow"
"367","All","Peak_10","BOImprovement","No Action",147,336,43.75,341.860465116279,"10-year flood magnitude","Peak flow"
"368","All","Peak_2","RefImprovement","Non-flow related",202,396,51.010101010101,272.972972972973,"2-year flood magnitude","Peak flow"
"369","All","Peak_2","INCImprovement","Non-flow related",202,396,51.010101010101,272.972972972973,"2-year flood magnitude","Peak flow"
"370","All","Peak_2","BOImprovement","Non-flow related",202,359,56.2674094707521,272.972972972973,"2-year flood magnitude","Peak flow"
"371","All","Peak_2","RefImprovement","No Action",147,396,37.1212121212121,52.6881720430108,"2-year flood magnitude","Peak flow"
"372","All","Peak_2","INCImprovement","No Action",147,396,37.1212121212121,52.6881720430108,"2-year flood magnitude","Peak flow"
"373","All","Peak_2","BOImprovement","No Action",147,359,40.9470752089136,52.6881720430108,"2-year flood magnitude","Peak flow"
"374","All","Peak_2","RefImprovement","Non-flow related",202,396,51.010101010101,72.4014336917563,"2-year flood magnitude","Peak flow"
"375","All","Peak_2","INCImprovement","Non-flow related",202,396,51.010101010101,72.4014336917563,"2-year flood magnitude","Peak flow"
"376","All","Peak_2","BOImprovement","Non-flow related",202,359,56.2674094707521,72.4014336917563,"2-year flood magnitude","Peak flow"
"377","All","Peak_2","RefImprovement","10 - 50%",25,396,6.31313131313131,8.96057347670251,"2-year flood magnitude","Peak flow"
"378","All","Peak_2","INCImprovement","Less than 10%",47,396,11.8686868686869,16.8458781362007,"2-year flood magnitude","Peak flow"
"379","All","Peak_2","RefImprovement","Over 50%",17,396,4.29292929292929,6.09318996415771,"2-year flood magnitude","Peak flow"
"380","All","Peak_2","RefImprovement","10 - 50%",25,396,6.31313131313131,33.7837837837838,"2-year flood magnitude","Peak flow"
"381","All","Peak_2","INCImprovement","Less than 10%",47,396,11.8686868686869,63.5135135135135,"2-year flood magnitude","Peak flow"
"382","All","Peak_2","RefImprovement","Over 50%",17,396,4.29292929292929,39.5348837209302,"2-year flood magnitude","Peak flow"
"383","All","Peak_2","INCImprovement","Less than 10%",47,396,11.8686868686869,109.302325581395,"2-year flood magnitude","Peak flow"
"384","All","Peak_2","BOImprovement","Over 50%",7,359,1.94986072423398,16.2790697674419,"2-year flood magnitude","Peak flow"
"385","All","Peak_2","RefImprovement","Less than 10%",5,396,1.26262626262626,1.7921146953405,"2-year flood magnitude","Peak flow"
"386","All","Peak_2","RefImprovement","Non-flow related",202,396,51.010101010101,469.767441860465,"2-year flood magnitude","Peak flow"
"387","All","Peak_2","INCImprovement","Non-flow related",202,396,51.010101010101,469.767441860465,"2-year flood magnitude","Peak flow"
"388","All","Peak_2","BOImprovement","Non-flow related",202,359,56.2674094707521,469.767441860465,"2-year flood magnitude","Peak flow"
"389","All","Peak_2","RefImprovement","Over 50%",17,396,4.29292929292929,22.972972972973,"2-year flood magnitude","Peak flow"
"390","All","Peak_2","BOImprovement","Over 50%",7,359,1.94986072423398,9.45945945945946,"2-year flood magnitude","Peak flow"
"391","All","Peak_2","RefImprovement","Less than 10%",5,396,1.26262626262626,11.6279069767442,"2-year flood magnitude","Peak flow"
"392","All","Peak_2","RefImprovement","10 - 50%",25,396,6.31313131313131,58.1395348837209,"2-year flood magnitude","Peak flow"
"393","All","Peak_2","BOImprovement","10 - 50%",3,359,0.835654596100279,6.97674418604651,"2-year flood magnitude","Peak flow"
"394","All","Peak_2","RefImprovement","Less than 10%",5,396,1.26262626262626,6.75675675675676,"2-year flood magnitude","Peak flow"
"395","All","Peak_2","RefImprovement","No Action",147,396,37.1212121212121,341.860465116279,"2-year flood magnitude","Peak flow"
"396","All","Peak_2","INCImprovement","No Action",147,396,37.1212121212121,341.860465116279,"2-year flood magnitude","Peak flow"
"397","All","Peak_2","BOImprovement","No Action",147,359,40.9470752089136,341.860465116279,"2-year flood magnitude","Peak flow"
"398","All","Peak_5","RefImprovement","10 - 50%",39,396,9.84848484848485,52.7027027027027,"5-year flood magnitude","Peak flow"
"399","All","Peak_5","INCImprovement","Less than 10%",58,396,14.6464646464646,78.3783783783784,"5-year flood magnitude","Peak flow"
"400","All","Peak_5","RefImprovement","No Action",147,396,37.1212121212121,52.6881720430108,"5-year flood magnitude","Peak flow"
"401","All","Peak_5","INCImprovement","No Action",147,396,37.1212121212121,52.6881720430108,"5-year flood magnitude","Peak flow"
"402","All","Peak_5","BOImprovement","No Action",147,349,42.1203438395415,52.6881720430108,"5-year flood magnitude","Peak flow"
"403","All","Peak_5","RefImprovement","Non-flow related",191,396,48.2323232323232,258.108108108108,"5-year flood magnitude","Peak flow"
"404","All","Peak_5","INCImprovement","Non-flow related",191,396,48.2323232323232,258.108108108108,"5-year flood magnitude","Peak flow"
"405","All","Peak_5","BOImprovement","Non-flow related",191,349,54.7277936962751,258.108108108108,"5-year flood magnitude","Peak flow"
"406","All","Peak_5","RefImprovement","Non-flow related",191,396,48.2323232323232,68.4587813620072,"5-year flood magnitude","Peak flow"
"407","All","Peak_5","INCImprovement","Non-flow related",191,396,48.2323232323232,68.4587813620072,"5-year flood magnitude","Peak flow"
"408","All","Peak_5","BOImprovement","Non-flow related",191,349,54.7277936962751,68.4587813620072,"5-year flood magnitude","Peak flow"
"409","All","Peak_5","RefImprovement","Over 50%",17,396,4.29292929292929,6.09318996415771,"5-year flood magnitude","Peak flow"
"410","All","Peak_5","INCImprovement","Less than 10%",58,396,14.6464646464646,20.7885304659498,"5-year flood magnitude","Peak flow"
"411","All","Peak_5","RefImprovement","Over 50%",17,396,4.29292929292929,39.5348837209302,"5-year flood magnitude","Peak flow"
"412","All","Peak_5","INCImprovement","Less than 10%",58,396,14.6464646464646,134.883720930233,"5-year flood magnitude","Peak flow"
"413","All","Peak_5","BOImprovement","Over 50%",7,349,2.00573065902579,16.2790697674419,"5-year flood magnitude","Peak flow"
"414","All","Peak_5","RefImprovement","10 - 50%",39,396,9.84848484848485,13.9784946236559,"5-year flood magnitude","Peak flow"
"415","All","Peak_5","RefImprovement","Less than 10%",2,396,0.505050505050505,2.7027027027027,"5-year flood magnitude","Peak flow"
"416","All","Peak_5","RefImprovement","Non-flow related",191,396,48.2323232323232,444.186046511628,"5-year flood magnitude","Peak flow"
"417","All","Peak_5","INCImprovement","Non-flow related",191,396,48.2323232323232,444.186046511628,"5-year flood magnitude","Peak flow"
"418","All","Peak_5","BOImprovement","Non-flow related",191,349,54.7277936962751,444.186046511628,"5-year flood magnitude","Peak flow"
"419","All","Peak_5","RefImprovement","Over 50%",17,396,4.29292929292929,22.972972972973,"5-year flood magnitude","Peak flow"
"420","All","Peak_5","RefImprovement","10 - 50%",39,396,9.84848484848485,90.6976744186046,"5-year flood magnitude","Peak flow"
"421","All","Peak_5","BOImprovement","Less than 10%",1,349,0.286532951289398,2.32558139534884,"5-year flood magnitude","Peak flow"
"422","All","Peak_5","BOImprovement","10 - 50%",3,349,0.859598853868195,6.97674418604651,"5-year flood magnitude","Peak flow"
"423","All","Peak_5","RefImprovement","No Action",147,396,37.1212121212121,341.860465116279,"5-year flood magnitude","Peak flow"
"424","All","Peak_5","INCImprovement","No Action",147,396,37.1212121212121,341.860465116279,"5-year flood magnitude","Peak flow"
"425","All","Peak_5","BOImprovement","No Action",147,349,42.1203438395415,341.860465116279,"5-year flood magnitude","Peak flow"
"426","All","SP_Mag","RefImprovement","Non-flow related",238,396,60.1010101010101,321.621621621622,"Spring recession magnitude","Spring recession flow"
"427","All","SP_Mag","INCImprovement","Non-flow related",238,396,60.1010101010101,321.621621621622,"Spring recession magnitude","Spring recession flow"
"428","All","SP_Mag","BOImprovement","Non-flow related",238,386,61.6580310880829,321.621621621622,"Spring recession magnitude","Spring recession flow"
"429","All","SP_Mag","RefImprovement","No Action",147,396,37.1212121212121,52.6881720430108,"Spring recession magnitude","Spring recession flow"
"430","All","SP_Mag","INCImprovement","No Action",147,396,37.1212121212121,52.6881720430108,"Spring recession magnitude","Spring recession flow"
"431","All","SP_Mag","BOImprovement","No Action",147,386,38.0829015544041,52.6881720430108,"Spring recession magnitude","Spring recession flow"
"432","All","SP_Mag","RefImprovement","Non-flow related",238,396,60.1010101010101,85.3046594982079,"Spring recession magnitude","Spring recession flow"
"433","All","SP_Mag","INCImprovement","Non-flow related",238,396,60.1010101010101,85.3046594982079,"Spring recession magnitude","Spring recession flow"
"434","All","SP_Mag","BOImprovement","Non-flow related",238,386,61.6580310880829,85.3046594982079,"Spring recession magnitude","Spring recession flow"
"435","All","SP_Mag","RefImprovement","Non-flow related",238,396,60.1010101010101,553.488372093023,"Spring recession magnitude","Spring recession flow"
"436","All","SP_Mag","INCImprovement","Non-flow related",238,396,60.1010101010101,553.488372093023,"Spring recession magnitude","Spring recession flow"
"437","All","SP_Mag","BOImprovement","Non-flow related",238,386,61.6580310880829,553.488372093023,"Spring recession magnitude","Spring recession flow"
"438","All","SP_Mag","RefImprovement","10 - 50%",11,396,2.77777777777778,3.9426523297491,"Spring recession magnitude","Spring recession flow"
"439","All","SP_Mag","INCImprovement","Less than 10%",11,396,2.77777777777778,3.9426523297491,"Spring recession magnitude","Spring recession flow"
"440","All","SP_Mag","RefImprovement","10 - 50%",11,396,2.77777777777778,14.8648648648649,"Spring recession magnitude","Spring recession flow"
"441","All","SP_Mag","INCImprovement","Less than 10%",11,396,2.77777777777778,14.8648648648649,"Spring recession magnitude","Spring recession flow"
"442","All","SP_Mag","RefImprovement","No Action",147,396,37.1212121212121,341.860465116279,"Spring recession magnitude","Spring recession flow"
"443","All","SP_Mag","INCImprovement","No Action",147,396,37.1212121212121,341.860465116279,"Spring recession magnitude","Spring recession flow"
"444","All","SP_Mag","BOImprovement","No Action",147,386,38.0829015544041,341.860465116279,"Spring recession magnitude","Spring recession flow"
"445","All","SP_Mag","RefImprovement","10 - 50%",11,396,2.77777777777778,25.5813953488372,"Spring recession magnitude","Spring recession flow"
"446","All","SP_Mag","INCImprovement","Less than 10%",11,396,2.77777777777778,25.5813953488372,"Spring recession magnitude","Spring recession flow"
"447","All","SP_Mag","BOImprovement","10 - 50%",1,386,0.259067357512953,2.32558139534884,"Spring recession magnitude","Spring recession flow"
"448","All","Wet_BFL_Mag_10","RefImprovement","10 - 50%",44,396,11.1111111111111,59.4594594594595,"Wet-season low baseflow","Wet-season baseflow"
"449","All","Wet_BFL_Mag_10","INCImprovement","Over 50%",84,396,21.2121212121212,113.513513513514,"Wet-season low baseflow","Wet-season baseflow"
"450","All","Wet_BFL_Mag_10","RefImprovement","No Action",147,396,37.1212121212121,52.6881720430108,"Wet-season low baseflow","Wet-season baseflow"
"451","All","Wet_BFL_Mag_10","INCImprovement","No Action",147,396,37.1212121212121,52.6881720430108,"Wet-season low baseflow","Wet-season baseflow"
"452","All","Wet_BFL_Mag_10","BOImprovement","No Action",147,324,45.3703703703704,52.6881720430108,"Wet-season low baseflow","Wet-season baseflow"
"453","All","Wet_BFL_Mag_10","RefImprovement","Non-flow related",164,396,41.4141414141414,221.621621621622,"Wet-season low baseflow","Wet-season baseflow"
"454","All","Wet_BFL_Mag_10","INCImprovement","Non-flow related",164,396,41.4141414141414,221.621621621622,"Wet-season low baseflow","Wet-season baseflow"
"455","All","Wet_BFL_Mag_10","BOImprovement","Non-flow related",164,324,50.6172839506173,221.621621621622,"Wet-season low baseflow","Wet-season baseflow"
"456","All","Wet_BFL_Mag_10","RefImprovement","Non-flow related",164,396,41.4141414141414,58.7813620071685,"Wet-season low baseflow","Wet-season baseflow"
"457","All","Wet_BFL_Mag_10","INCImprovement","Non-flow related",164,396,41.4141414141414,58.7813620071685,"Wet-season low baseflow","Wet-season baseflow"
"458","All","Wet_BFL_Mag_10","BOImprovement","Non-flow related",164,324,50.6172839506173,58.7813620071685,"Wet-season low baseflow","Wet-season baseflow"
"459","All","Wet_BFL_Mag_10","RefImprovement","Over 50%",37,396,9.34343434343434,13.2616487455197,"Wet-season low baseflow","Wet-season baseflow"
"460","All","Wet_BFL_Mag_10","INCImprovement","Over 50%",84,396,21.2121212121212,30.1075268817204,"Wet-season low baseflow","Wet-season baseflow"
"461","All","Wet_BFL_Mag_10","RefImprovement","Over 50%",37,396,9.34343434343434,50,"Wet-season low baseflow","Wet-season baseflow"
"462","All","Wet_BFL_Mag_10","RefImprovement","Over 50%",37,396,9.34343434343434,86.046511627907,"Wet-season low baseflow","Wet-season baseflow"
"463","All","Wet_BFL_Mag_10","INCImprovement","Over 50%",84,396,21.2121212121212,195.348837209302,"Wet-season low baseflow","Wet-season baseflow"
"464","All","Wet_BFL_Mag_10","BOImprovement","Over 50%",8,324,2.46913580246914,18.6046511627907,"Wet-season low baseflow","Wet-season baseflow"
"465","All","Wet_BFL_Mag_10","RefImprovement","10 - 50%",44,396,11.1111111111111,15.7706093189964,"Wet-season low baseflow","Wet-season baseflow"
"466","All","Wet_BFL_Mag_10","RefImprovement","Less than 10%",4,396,1.01010101010101,1.4336917562724,"Wet-season low baseflow","Wet-season baseflow"
"467","All","Wet_BFL_Mag_10","RefImprovement","Non-flow related",164,396,41.4141414141414,381.395348837209,"Wet-season low baseflow","Wet-season baseflow"
"468","All","Wet_BFL_Mag_10","INCImprovement","Non-flow related",164,396,41.4141414141414,381.395348837209,"Wet-season low baseflow","Wet-season baseflow"
"469","All","Wet_BFL_Mag_10","BOImprovement","Non-flow related",164,324,50.6172839506173,381.395348837209,"Wet-season low baseflow","Wet-season baseflow"
"470","All","Wet_BFL_Mag_10","BOImprovement","Over 50%",8,324,2.46913580246914,10.8108108108108,"Wet-season low baseflow","Wet-season baseflow"
"471","All","Wet_BFL_Mag_10","RefImprovement","Less than 10%",4,396,1.01010101010101,9.30232558139535,"Wet-season low baseflow","Wet-season baseflow"
"472","All","Wet_BFL_Mag_10","BOImprovement","10 - 50%",5,324,1.54320987654321,11.6279069767442,"Wet-season low baseflow","Wet-season baseflow"
"473","All","Wet_BFL_Mag_10","RefImprovement","10 - 50%",44,396,11.1111111111111,102.325581395349,"Wet-season low baseflow","Wet-season baseflow"
"474","All","Wet_BFL_Mag_10","RefImprovement","No Action",147,396,37.1212121212121,341.860465116279,"Wet-season low baseflow","Wet-season baseflow"
"475","All","Wet_BFL_Mag_10","INCImprovement","No Action",147,396,37.1212121212121,341.860465116279,"Wet-season low baseflow","Wet-season baseflow"
"476","All","Wet_BFL_Mag_10","BOImprovement","No Action",147,324,45.3703703703704,341.860465116279,"Wet-season low baseflow","Wet-season baseflow"
"477","All","Wet_BFL_Mag_10","INCImprovement","10 - 50%",1,396,0.252525252525253,1.35135135135135,"Wet-season low baseflow","Wet-season baseflow"
"478","All","Wet_BFL_Mag_50","RefImprovement","Non-flow related",214,396,54.040404040404,289.189189189189,"Wet-season median baseflow","Wet-season baseflow"
"479","All","Wet_BFL_Mag_50","INCImprovement","Non-flow related",214,396,54.040404040404,289.189189189189,"Wet-season median baseflow","Wet-season baseflow"
"480","All","Wet_BFL_Mag_50","BOImprovement","Non-flow related",214,369,57.9945799457995,289.189189189189,"Wet-season median baseflow","Wet-season baseflow"
"481","All","Wet_BFL_Mag_50","RefImprovement","No Action",147,396,37.1212121212121,52.6881720430108,"Wet-season median baseflow","Wet-season baseflow"
"482","All","Wet_BFL_Mag_50","INCImprovement","No Action",147,396,37.1212121212121,52.6881720430108,"Wet-season median baseflow","Wet-season baseflow"
"483","All","Wet_BFL_Mag_50","BOImprovement","No Action",147,369,39.8373983739837,52.6881720430108,"Wet-season median baseflow","Wet-season baseflow"
"484","All","Wet_BFL_Mag_50","RefImprovement","Non-flow related",214,396,54.040404040404,76.7025089605735,"Wet-season median baseflow","Wet-season baseflow"
"485","All","Wet_BFL_Mag_50","INCImprovement","Non-flow related",214,396,54.040404040404,76.7025089605735,"Wet-season median baseflow","Wet-season baseflow"
"486","All","Wet_BFL_Mag_50","BOImprovement","Non-flow related",214,369,57.9945799457995,76.7025089605735,"Wet-season median baseflow","Wet-season baseflow"
"487","All","Wet_BFL_Mag_50","RefImprovement","10 - 50%",24,396,6.06060606060606,8.60215053763441,"Wet-season median baseflow","Wet-season baseflow"
"488","All","Wet_BFL_Mag_50","INCImprovement","10 - 50%",7,396,1.76767676767677,2.5089605734767,"Wet-season median baseflow","Wet-season baseflow"
"489","All","Wet_BFL_Mag_50","RefImprovement","10 - 50%",24,396,6.06060606060606,32.4324324324324,"Wet-season median baseflow","Wet-season baseflow"
"490","All","Wet_BFL_Mag_50","INCImprovement","Over 50%",26,396,6.56565656565657,35.1351351351351,"Wet-season median baseflow","Wet-season baseflow"
"491","All","Wet_BFL_Mag_50","RefImprovement","10 - 50%",24,396,6.06060606060606,55.8139534883721,"Wet-season median baseflow","Wet-season baseflow"
"492","All","Wet_BFL_Mag_50","INCImprovement","10 - 50%",7,396,1.76767676767677,16.2790697674419,"Wet-season median baseflow","Wet-season baseflow"
"493","All","Wet_BFL_Mag_50","BOImprovement","Less than 10%",6,369,1.6260162601626,13.953488372093,"Wet-season median baseflow","Wet-season baseflow"
"494","All","Wet_BFL_Mag_50","INCImprovement","Over 50%",26,396,6.56565656565657,9.31899641577061,"Wet-season median baseflow","Wet-season baseflow"
"495","All","Wet_BFL_Mag_50","RefImprovement","Non-flow related",214,396,54.040404040404,497.674418604651,"Wet-season median baseflow","Wet-season baseflow"
"496","All","Wet_BFL_Mag_50","INCImprovement","Non-flow related",214,396,54.040404040404,497.674418604651,"Wet-season median baseflow","Wet-season baseflow"
"497","All","Wet_BFL_Mag_50","BOImprovement","Non-flow related",214,369,57.9945799457995,497.674418604651,"Wet-season median baseflow","Wet-season baseflow"
"498","All","Wet_BFL_Mag_50","RefImprovement","Less than 10%",7,396,1.76767676767677,9.45945945945946,"Wet-season median baseflow","Wet-season baseflow"
"499","All","Wet_BFL_Mag_50","RefImprovement","Less than 10%",7,396,1.76767676767677,2.5089605734767,"Wet-season median baseflow","Wet-season baseflow"
"500","All","Wet_BFL_Mag_50","INCImprovement","Over 50%",26,396,6.56565656565657,60.4651162790698,"Wet-season median baseflow","Wet-season baseflow"
"501","All","Wet_BFL_Mag_50","BOImprovement","10 - 50%",2,369,0.5420054200542,4.65116279069767,"Wet-season median baseflow","Wet-season baseflow"
"502","All","Wet_BFL_Mag_50","RefImprovement","Less than 10%",7,396,1.76767676767677,16.2790697674419,"Wet-season median baseflow","Wet-season baseflow"
"503","All","Wet_BFL_Mag_50","RefImprovement","Over 50%",4,396,1.01010101010101,5.40540540540541,"Wet-season median baseflow","Wet-season baseflow"
"504","All","Wet_BFL_Mag_50","INCImprovement","Less than 10%",2,396,0.505050505050505,2.7027027027027,"Wet-season median baseflow","Wet-season baseflow"
"505","All","Wet_BFL_Mag_50","RefImprovement","No Action",147,396,37.1212121212121,341.860465116279,"Wet-season median baseflow","Wet-season baseflow"
"506","All","Wet_BFL_Mag_50","INCImprovement","No Action",147,396,37.1212121212121,341.860465116279,"Wet-season median baseflow","Wet-season baseflow"
"507","All","Wet_BFL_Mag_50","BOImprovement","No Action",147,369,39.8373983739837,341.860465116279,"Wet-season median baseflow","Wet-season baseflow"
"508","All","Wet_BFL_Mag_50","RefImprovement","Over 50%",4,396,1.01010101010101,1.4336917562724,"Wet-season median baseflow","Wet-season baseflow"
"509","All","Q99","RefImprovement","Non-flow related",217,396,54.7979797979798,293.243243243243,"Peak Flow Magnitude (Q99, cfs)","Peak Flow Magnitude"
"510","All","Q99","INCImprovement","Non-flow related",217,396,54.7979797979798,293.243243243243,"Peak Flow Magnitude (Q99, cfs)","Peak Flow Magnitude"
"511","All","Q99","BOImprovement","Non-flow related",217,373,58.1769436997319,293.243243243243,"Peak Flow Magnitude (Q99, cfs)","Peak Flow Magnitude"
"512","All","Q99","RefImprovement","No Action",147,396,37.1212121212121,52.6881720430108,"Peak Flow Magnitude (Q99, cfs)","Peak Flow Magnitude"
"513","All","Q99","INCImprovement","No Action",147,396,37.1212121212121,52.6881720430108,"Peak Flow Magnitude (Q99, cfs)","Peak Flow Magnitude"
"514","All","Q99","BOImprovement","No Action",147,373,39.4101876675603,52.6881720430108,"Peak Flow Magnitude (Q99, cfs)","Peak Flow Magnitude"
"515","All","Q99","RefImprovement","Non-flow related",217,396,54.7979797979798,77.7777777777778,"Peak Flow Magnitude (Q99, cfs)","Peak Flow Magnitude"
"516","All","Q99","INCImprovement","Non-flow related",217,396,54.7979797979798,77.7777777777778,"Peak Flow Magnitude (Q99, cfs)","Peak Flow Magnitude"
"517","All","Q99","BOImprovement","Non-flow related",217,373,58.1769436997319,77.7777777777778,"Peak Flow Magnitude (Q99, cfs)","Peak Flow Magnitude"
"518","All","Q99","RefImprovement","Over 50%",14,396,3.53535353535354,5.01792114695341,"Peak Flow Magnitude (Q99, cfs)","Peak Flow Magnitude"
"519","All","Q99","INCImprovement","Less than 10%",32,396,8.08080808080808,11.4695340501792,"Peak Flow Magnitude (Q99, cfs)","Peak Flow Magnitude"
"520","All","Q99","RefImprovement","Over 50%",14,396,3.53535353535354,32.5581395348837,"Peak Flow Magnitude (Q99, cfs)","Peak Flow Magnitude"
"521","All","Q99","INCImprovement","Less than 10%",32,396,8.08080808080808,74.4186046511628,"Peak Flow Magnitude (Q99, cfs)","Peak Flow Magnitude"
"522","All","Q99","BOImprovement","Over 50%",7,373,1.87667560321716,16.2790697674419,"Peak Flow Magnitude (Q99, cfs)","Peak Flow Magnitude"
"523","All","Q99","RefImprovement","Over 50%",14,396,3.53535353535354,18.9189189189189,"Peak Flow Magnitude (Q99, cfs)","Peak Flow Magnitude"
"524","All","Q99","INCImprovement","Less than 10%",32,396,8.08080808080808,43.2432432432432,"Peak Flow Magnitude (Q99, cfs)","Peak Flow Magnitude"
"525","All","Q99","RefImprovement","Non-flow related",217,396,54.7979797979798,504.651162790698,"Peak Flow Magnitude (Q99, cfs)","Peak Flow Magnitude"
"526","All","Q99","INCImprovement","Non-flow related",217,396,54.7979797979798,504.651162790698,"Peak Flow Magnitude (Q99, cfs)","Peak Flow Magnitude"
"527","All","Q99","BOImprovement","Non-flow related",217,373,58.1769436997319,504.651162790698,"Peak Flow Magnitude (Q99, cfs)","Peak Flow Magnitude"
"528","All","Q99","BOImprovement","Over 50%",7,373,1.87667560321716,9.45945945945946,"Peak Flow Magnitude (Q99, cfs)","Peak Flow Magnitude"
"529","All","Q99","RefImprovement","10 - 50%",17,396,4.29292929292929,6.09318996415771,"Peak Flow Magnitude (Q99, cfs)","Peak Flow Magnitude"
"530","All","Q99","RefImprovement","10 - 50%",17,396,4.29292929292929,39.5348837209302,"Peak Flow Magnitude (Q99, cfs)","Peak Flow Magnitude"
"531","All","Q99","RefImprovement","10 - 50%",17,396,4.29292929292929,22.972972972973,"Peak Flow Magnitude (Q99, cfs)","Peak Flow Magnitude"
"532","All","Q99","BOImprovement","10 - 50%",2,373,0.536193029490617,4.65116279069767,"Peak Flow Magnitude (Q99, cfs)","Peak Flow Magnitude"
"533","All","Q99","RefImprovement","No Action",147,396,37.1212121212121,341.860465116279,"Peak Flow Magnitude (Q99, cfs)","Peak Flow Magnitude"
"534","All","Q99","INCImprovement","No Action",147,396,37.1212121212121,341.860465116279,"Peak Flow Magnitude (Q99, cfs)","Peak Flow Magnitude"
"535","All","Q99","BOImprovement","No Action",147,373,39.4101876675603,341.860465116279,"Peak Flow Magnitude (Q99, cfs)","Peak Flow Magnitude"
"536","All","Q99","RefImprovement","Less than 10%",1,396,0.252525252525253,1.35135135135135,"Peak Flow Magnitude (Q99, cfs)","Peak Flow Magnitude"
